identifier,name
634b11ac,A Paleker
6fa3258c,AT Holdstock
7bb1331e,BP Jele
09a9d073,J Charles
650d5e49,R Powell
6d9e5a54,S George
8361e524,SSB Magala
f86ce673,AC Douglas
e0e5b209,Ahsan Raza
448f4f1c,CM Brown
7f6c2dae,DC Stovell
7bbeac6d,GH O'Brien
ba8d5615,GS Lakshmi
34cb2f69,Hamza Tahir
e1592949,KS Leverock
3cc58287,O Bascome
94a1827c,OGL Bascome
c8a7b014,OJ Hairs
9a137157,OO Bascome
52f96571,RJ Trott
18a0ba24,S Smith
c7537f8a,TS Fray
a138f597,Ali Masood
126c3f6f,Ashish Rana
74e3b4fd,BLCS Kumara
2cf2fc9e,CPPM Sadun
49235be5,Gurpratap Singh
5152ab02,Habib Khan
04855b85,K Vislapuu
9818cc88,M Kyriacou
5335c5a7,M Vaik
88228580,MMR Obili
6969d364,Maidul Islam
f059910f,Moshiur Rahman
97f44626,NK Tiwari
3852600a,Qasim Anwar
b23d3ec5,R Mazumder
eba871dd,S Hook
f4000a7d,SN Pathirana
12678cc7,T Cross
52dfe157,T Filer
ad37baac,Tejwinder Singh
55a73018,Waqar Ali
af8d9fd9,Yasir Mehmood
2e0fcc58,AG Wharf
84d9c311,Ashutosh Sharma
e6ef687d,NA Patwardhan
a3e3d8a4,Navdeep Singh
0dcc9a8c,PM Joshi
26989d80,Shashank Singh
4bacee3d,V Narayan Kutty
c109497d,A Bengeri
64839cb3,M Pathirana
f24c6701,M Theekshana
bd54eef5,N Jagadeesan
e1d41d9e,Nitin Menon
eb90d319,Shakti Singh
9440ef41,Suyash Sharma
b9aa2b6e,Tapan Sharma
a7a49df4,VK Sharma
5b040b81,A Singh
883e3818,AM Saheba
cb4b3ab0,GAV Baxter
bda8cca8,KH Hurter
d872f52a,LA Carseldine
c24a2c5d,S Tyagi
63bff7f9,SM Harwood
94b5ec3b,Adriaan van den Dries
d0d32c30,Amandeep Singh
973006cc,Amir Zaib
7fcc57bf,Atif Mehmood
f9f857dc,Awais Ahmed
17bc032c,C Munoz-Mills
3ed4e2ad,C Rumistrzewicz
74be2916,D Doyle-Calle
69e53eb3,F Stoman
557550a4,Hamza Dar
a0a32dd1,Imran Khan
788d661c,J Trembeath-Moro
f7ad4494,Jonathan Kennedy
be0077ba,Junaid Khan
61c48027,Kuldeep
5b616bf0,LA Burns
1a628a92,Mohammad Kamran
58aa33cd,Najjam Shahzad
99d5f6fa,Phil Whitticase
7ee25c46,Raja Adeel
30acd4b7,SP Gomes
ff36e706,Sirajullah Khadim
e204b898,Syed Maisam Ali
452837d1,Vinay Malhotra
79209272,Yasir Ali
bd3cecc6,Zohaib Sarwar
a1e80d06,A Shukla
0e34c23a,Adnan Idrees
04ed04d2,Ali Zaheer
8603d942,BB Pradhan
3cf06094,Bilal Tahir
c1b74851,ED Silva
ed918c90,Harikrishna Pillai
be0f9ce9,Haroon Arshad
b25a3800,Meet Bhavsar
ff13b10c,Mohamed Shafeeq
00321fff,Mohammad Ghazanfar
4956b0bf,Rahul Asher
8ff397fa,Sarika Prasad
b9cfb0b1,Sayed Monib
1e2f3eae,Shiju Sam
f310704c,Shiraz Khan
c9d05f1a,Yasim Murtaza
ecdd8d60,Yasin Patel
987187b9,Zeeshan Ali
d8e79af0,AC Botha
4165ced0,AL Hill
15d3c895,M Erasmus
d1761087,RM West
bc71b0b2,SJ Davis
c942a53b,WK McCallan
76752ac8,MA Gough
8a9e3cd0,C Forbes
904288fe,C Thorburn
85645e62,Claus Schumacher
895ae8b6,D Kalvin
29663fda,HL Harji
0ee3bb49,Itangishaka Olivier
53419aff,J Ghadiyali
c5981c9c,JJ Wright
0371cc19,K Govind
d6b4e3e2,KJ Patel
59e99272,L Zulu
1a8cedc8,M Jele
30564b3e,Mazharul Islam
ce9ce42f,Muhammad Amin
c62a0327,N Krishna
3a54c25b,N Magagula
4c49c917,Naeem Gull
20b559ab,P Byron
d0178c53,S Kubheka
a8d6305d,S Udhayan
d15e60c8,SA Fritz
95c2d309,SKDT Madusanka
58533699,SR Mohan
ee3bfb9b,SR Rocket
101373a3,Shehzad Patel
1ab8beda,T Rajiv
e086735b,Umair Qasim
02d11602,AA Banner
93f72fdc,AK Muslar
5c861579,AR Maddela
db571b24,BS Stephenson
d504bc4c,C Brown
5cbeeb02,Denavon Hayles
e93b6c95,G Singh
aeb893b4,GG Banner
ac1ddea1,Garret Banner
dec8e038,J Theron
9633359f,JS Malhotra
8bba9ec2,KJ Young
55fedd51,KK Tillett
5dee559a,LS Reifer
9853b404,ML Castillo
82340b9d,TJ Stephenson
df3438ae,TW Samuels
85b6244a,Vijaya Mallela
012de9c4,CK Nandan
8fe0c4f8,VA Kulkarni
a4af5528,GA Abood
6b725ed1,SD Fry
9b3f9323,SJ Nogajski
e753931d,Akbar Ali
478a63e7,C Campher
33b3d2df,GJ Delany
24fcd95d,Kashif Daud
39713d08,Mohammad Boota
cddafe26,V Aravind
37e6187d,Vinod Babu
6f02fe2a,Waseem Muhammad
f0e293b0,Zahoor Khan
af23265a,Ahmed Shah Durrani
43602937,Ahmed Shah Pakteen
cae815a0,Bismillah Shinwari
0429e73e,Izatullah Safi
c0c411cb,Naveen-ul-Haq
1f41b702,Anique Uddin
c8c9d60b,BBJL Perera
39f0b039,Baljit Singh
3b282e51,Bashir Shah
28b99edd,Delawar Khan
3957a70a,GP Meade
eff8b730,GRD Munasinghe
007113d7,HAM Shah
d981a1de,J Jojo
d76ab352,Jaspreet Singh
d1c7dd6d,MJ Ross
e9d6a2ce,Manpreet Singh
362fde0f,NA Maiolo
b0f2d3bd,ND Laegsgaard
38189be1,OD Hald
d35a520a,Omar Hayat
b75b7b09,Rakibul Hasan
83fc78e8,Rehman Abdul
b5346f1e,Rizwan Akram
56e771ef,Rizwan Mahmood
97e5d4bb,Simranjit Singh
49556abb,T Bharaj
736e1761,Wayne Noon
432bf4f5,Zishan Shah
888e32bf,Abdur Razzak
a9dfdf6c,IJ Gould
bf1d7d3e,Mahmudullah
2bb09eb2,Mohammad Ashraful
4017868f,RA Kettleborough
38810cfc,RJ Tucker
64d43928,Sohail Tanvir
bde6e9ef,AV Jayaprakash
26457e41,BG Jerling
2498e163,JR Hopes
0265fab2,RE Koertzen
0393fbdc,A Pusthay
06b45b20,A Venkatesh
d55474ac,AK Mohan
540ef551,Adnan Syed
3b4a8cfb,Amjad Sher
19845ff5,Areeb Quadir
58a7f842,Baz Aybui
fa180043,Dipanjan Dey
452024ef,Humayun Kabir
4e56e796,JOP Scamans
5c93efb1,Khalid Zahid
90a41671,L Karlsson
1c1bb0d5,MB Tambe
be3bdc15,NG Collins
9e51462f,Naveed Shahid
c0fca5eb,O Gholami
8e9d3dc4,PF Gallagher
bd021695,Qudratullah Mir Afzail
bfd93f9b,R Gowthaman
f83b77f9,Raaz Mohammad
c443b748,Rahel Khan
c4fb0b39,VS Padhaal
cad11a02,W Boshoff
6ec424a9,ND Doshi
b04524bc,S Asnani
bae11797,Y Gnaneswara Rao
ac5ae4af,I Udana
13fa6ffc,RMPJ Rambukwella
4950c8db,RR Wimalasiri
4339c19d,RSA Palliyaguruge
9550470d,WIA Fernando
72e60730,A Vala
4d84ad05,CJA Amini
1ace56d4,GO Brathwaite
33cb7803,IN Ramage
3e326efc,JNT Vare
9f500ddb,L Nou
6b4593ee,L Siaka
a36915ce,N Vanua
ba4d600a,Shafiqullah
e64c10dd,VV Morea
7516045a,WT Gavera
0f9d921b,C Shamshuddin
7c215d14,DT Jukes
1a448be0,B White
6a71ba3a,M Levitt
96a0edf9,N Bathi
81a0e294,SA Engelbrecht
8ce2080b,TJG Pringle
2a9eee66,Vikramjit Singh
0d677597,W Barresi
2bd48588,WPM van Liemt
7c9c0f18,A Kapa
a22b4f3f,A Mansale
85119526,A Patmore
49f6d023,AL Stephen
26a360d2,CA Polosak
64c81abf,D Suzuki
c988daa1,I Takahashi
1021b6e5,J Rasu
3758028b,JD Allan
d8dccff5,JP Kaltapau
33290a80,K Kadowaki-Fleming
fa23405f,L Yamamoto-Lake
cbd91942,M Taniyama
c498c510,N Nipiko
a843d7a8,Obed Yosef
ef503cfe,P Kumbhare
af19aa66,PK Matautaava
57b3c398,R Drake
dd14abf5,R Sakurano-Thomas
c4d19735,R Tari
29573e43,S Navaratne
9f2be73d,S Ravichandran
811655b3,SB Haig
f49c401e,SH Obed
673be48f,W Nalisa
29d4e29b,WC Labrooy
c1add349,BNJ Oxenford
531f0278,K Santokie
76388dc8,S Badree
0cfb42b5,Abdul Majid Abbasi
afbc53ba,Ahmer Bin Nisar
596982e6,Ali Dawood
92ad5353,B Ramani
14fd10b5,Haider Butt
a9a18e3e,Imran Anwar
9a54c30a,Mirza Ahmed
01b45044,Mohammad Amin
8f4a0102,N Sivan
567675c8,Nasir Ali
e741ed8f,Rizwan Butt
1e569fb0,S Veerapathiran
db95ddeb,Sarfaraz Ali
4db71b2e,Sohail Ahmed
7b729851,Umer Imtiaz
42d76418,V Kalidas
c4487b84,AB de Villiers
3de870ce,R Risodkar
ff8c3cfb,BK Ravi
b7bccddb,M Nayyar
9b9ee0df,S Ravi
b90f3346,YC Barde
3ec513ea,A Maheshwari
ff1e08eb,Azam Khalil
63bd7086,B Jerkovic
6264d645,CP Turkich
16fa34cf,D Marsic
96013995,DJ Turkich
3516e46b,GH Pienaar
5332fc2f,Hamid Mahmood
70abbb67,Ismaeel Zia
03c94c2f,J Grzinic
ec201565,JD Newton
99ad98b0,JM Vujinovich
b0cad015,S Kuchimanchi
62d3f506,SD Valjalo
7e439c80,Sohail Ahmad
1ed476fe,Umar Nawaz
b34de9a6,WK Bitis
20f65440,Waqas Haider
d7074ddc,Zaker Taqawi
3560a786,C Madande
de4828fa,IO Oyieko
f468293b,JN Loftie-Eaton
9f308dfc,JP Kotze
02ba88e3,LB Gcuma
7eb36269,M van Lingen
72e361fe,N Davin
fdcfd4aa,Stephen Harris
1688f2dc,T Lungameni
3d5d51a5,T Marumani
f02778d1,Aleem Dar
d7f3b72f,JS Wilson
d5ac41d8,CB Gaffaney
0be62e31,GR Sadashiv Iyer
8275b04a,J Madanagopal
81c08fa3,Umran Malik
7210d461,Yash Dayal
8b4c4069,D Govindjee
ad733e72,DF Watts
4373c57e,JH Stander
4d0055a0,MA Parker
c13b2833,R Flannigan
140cdf29,REJ Martinesz
4b43d5ac,SJA Taufel
dabbd0ae,B Fernando
f0df3ed7,Gazi Sohel
ee1b6c27,N Thushara
08548b13,PHKD Mendis
5935d694,Rishad Hossain
63896abb,Sharfuddoula
ea2df1f1,Tanvir Ahmed
9e52a414,Towhid Hridoy
7ffe0ce3,AJ Neill
704afd47,K Gallagher
e38bce7a,MG Bracewell
a416c9c3,PA Reynolds
156c8fb1,R Black
e2db2409,M Ashwin
9a0146b3,P Sahu
844e79d1,D Brevis
3144063a,KN Ananthapadmanabhan
54b6007b,MV Saidharshan Kumar
b0482a1d,Tilak Varma
43dd4011,UV Gandhe
efc0a862,BF Bowden
0ec08b27,DJ Harper
cf7c5778,GA Pratapkumar
9f961c14,Joginder Sharma
0d232ffd,MA Khote
6ad3a659,P Amarnath
38f2c66c,VS Yeligati
d52b13a6,Abdul Shakoor
6b96bebf,C Zavoiu
7f122e0b,Divyendra Singh
ff2b190e,Dylan Steyn
507dd87f,Gaurav Mishra
dc1dd6c4,Ijaz Hussain
692d4cbe,M Gherasim
87609cbb,Naveed Ahmed
2df874e6,R Kumar
6de51a8e,Ritik Tomar
5787be00,S Davizi
756fe781,S Harnal
b78b3ffd,S Nadigotla
d207e4fb,S Periyalwar
b0f5175e,S Ramakrishnan
da39f141,S Sengupta
6a091f62,SJ Patel
ab3d6059,SN Anand
e5464794,Sazib Bhuiyan
f4d1ecae,T Wheeler
ec483176,Taranjeet Singh
86a1918c,Ahmed Shahab
153c67dc,Shozab Raza
042a8b69,K Srinivasan
7b9b9aef,Abdul Shakoor
45994517,D Odhiambo
4c7df2c8,Mohammad Shahzad
a98a6b86,Umair Ali
716bf559,BA Pai
3bc56bd6,CJ Delany
03b9ec54,E Packard
6ebf4d4e,Farzan Afzal
4e6ff836,JA Fitzgerald
7cd7eb50,JD Freyone
b89cde87,K Nestor
177009a5,LA Collado
aa4154ad,MD Garratt
f08adc01,MG Hunter
486f252b,MO Bacarese
a3b9191a,PD Hennessy
ab75eb29,T Caruana
ab8ef1e9,TC Vine
8088632c,C Rububagumya
3cbedf51,D Ndikubwimana
c15e7ba4,E Dusingizimana
2dcac6ff,E Niyomugabo
f99a219a,E Sebareme
9ccb6e52,K Irakoze
1f3b9f8d,M Akayezu
e6a6888f,O Tuyisenge
bc0083f7,P Abhijit
f3c22863,R D'Mello
f5be7b08,S Rukmal
c1a1acf3,S Wadvalla
21fe743b,STRA de Silva
60fc2c8c,T Shanmugam
b5dcec37,TKP Rajapaksha
3a82673c,V Mitari
e7631adc,W Niyitanga
ba57fb08,Z Bimenyimana
6a4734ae,L Rusere
7595b47f,Shariz Ahmad
3f2996c9,EC Hendrikse
a1f1829d,K Goel
369c85c1,SD Ranade
6a6be119,TH Wijewardene
4353bba5,YA Abdulla
9f772ec5,PG Pathak
62a824b4,SK Tarapore
53d0b0dc,A Kaul
4edfc785,A Modi
1f490b28,AR Puri
f6b4f746,Ahmed Faiz
c10fd8f9,Aman Desai
be24f868,Edwin Seah
d2ec068c,Fitri Sham
78bbeba1,Khizar Hayat
bc8d4020,MA Muniandy
60bec5c3,Muhammad Amir
dc60abdc,Rizwan Haider
2a6ccc1c,S Chandramohan
57fcfd3b,S Muniandy
6667067e,Syed Aziz
fcbdc2b0,Syed Rehmatullah
961ddfac,T Senthil Kumar
13bc54a8,U Aryaman Sunil
dd5a9067,V Baskaran
241a104c,V Hampihallikar
415d30b6,Virandeep Singh
dca8273d,Zubaidi Zulkifle
153c9f33,JM Dempsey
2f26ac1a,Mohammad Rizwan
9e9af5f2,Mohammad Wasim
7ccbb09f,Shahnawaz Dhani
63cbf8d8,WR Knights
fd2b8c06,A Reyes
4c72b407,Ahsan Khan
c122fe73,Asad Ali Rehemtulla
ac5a9d43,CM Rocca
ecef5677,J Ghose Roy
9d75aec7,J Marples
fa549641,Karthik Pillai
2a03bd2f,L Bruce
018f6488,M Gouws
d613f046,M Whelan
e4f6147b,N Advani
6caae2dc,Omar Rassol
6100086b,R Sivanadian
01c05b6c,RJ Hatchman
00467a76,S Bodha
d300d274,Saim Hussain
83d567a4,Z Simpson
0c9652b0,HR Shokeen
0ebfb1ad,E Lewis
64495506,N Duguid
25bcf808,PA Gustard
376557f7,A Bishnoi
9dbc77b3,Aaftab Alam Khan
c4ab9b94,Abdullah Rana
c439461b,Ahmed Hassan
4ec0443d,Ali Nayyer
033e9d59,Arjun Vinod
5038c022,Asad Mahmood
8a99caa9,Ashwin Vinod
39e9f0c9,B Arora
e661915c,DR Patankar
e00acf74,E Mathew
7e00711f,Faheem Nazir
e85bb4b3,Fanyan Mughal
adca37a2,Jaspal Singh
63aa8148,Jaswinder Singh
443d1fd8,K Fletcher
24b3651c,MK Gnanasekaram
e23da78c,NK Aneesh Kumar
601544aa,Osama Mahmood
bbeb5b15,S Fernando
52f6fb22,S Gowda
42314166,V Sridhar
eb40ed89,VP Thamotharam
82623a3a,Waqas Ahmad
3f9b1a96,Zeeshan Khan
6483c062,A Dizija
e4f13acd,A Mene-Ejegi
e2d1822f,AUKDS Kalugala
0a5718ef,Iftekar Jaman
79e23cc5,ML Kostic
2809b390,MV Pavlovic
9bfb8edc,Riyaz Kajalwala
04ab1575,S Ivetic
394ba7a8,SB Ravindra
c9473a95,SRMJJ Arachchilage
9d1f42c6,Ashfaq Ahmed
b2e1d224,G Malla
fc537391,Iftikhar Ali
156378d8,S Jora
07687c15,Sultan Ahmed
7e47c743,K Bharatan
5d9a1a73,R Sharma
90edaaa9,S Rana
de7d833e,D Madushanka
8a604384,R Pandit
30d8136b,AR Ramjani
f33cfd25,B Masaba
a628a5c8,D Wabwire
bfc7799f,E Kubwimana
3ac13a94,E Rukiriza
eb99c84c,Gaston Niyibizi
d3eedb51,I Mugisha
a3a275ec,K Waiswa
4ae530cf,Maryyam Sheikh
fb31ca49,O Manishimwe
fbdc5ab1,P Murungi
04e0cdec,R Lutaaya
f88dc8de,RB Patel
58cb36aa,S Nsubuga
c2c975f9,S Sesazi
8926ed4e,Vicky Prajapati
f1c4f2ea,A Nathwani
1798078c,A Randhawa
b6af1647,Abdul Bashir
14157abf,Aqib Iqbal
ad5342dc,Faisal Mubashir
2dfe0612,Ghulam Ahmadi
e1824e7d,Iqbal Hossain
01549705,J van Heerden
c1f05d1d,Jaweed Sadran
fecd828e,M Simpson-Parker
22176fe7,MJ Richardson
97181d1b,MPS Cheema
6b74c13b,Mirza Ahsan
37d8d19a,Muslim Yar
60cc80ac,Razmal Shigiwal
6a63c29c,SVE Bharathi
501fca0d,Sachin Mandy
352e589f,Sahir Naqash
46821fbd,Shahil Momin
67ec2b09,Umair Tariq
baa7dd37,V Ganesan
69be866a,Anureet Singh
6ef60d3a,Kamran Khan
3f61a062,BTJ Wheal
05f96194,MA Jones
d68f4aa1,AJ Michael
dfba63a4,B Schuster
c76cdfd7,Bri Olewale
5299063a,CK Jasmat
63772ee4,D Finau
9585854d,D Wotu
9815de17,DP Michael
ae380321,F Suluoto
10f7b52b,JD Baker
1feb0d3c,M Kenni
e6127436,S Cotter
3f9feb1e,S Sola
bf19d427,SF Tiai
62c713bf,AJ Staal
281d4749,DH Mclean
a300e810,PRP Boissevain
881b3f8e,TP Visee
4e9af8f6,A Shreshta
5249f9c4,AE Isesele
fde53ec1,Adil Butt
74a578d0,C Udekwe
715dbf27,CN Onwuzulike
b7062209,D Polpitiya
b6355062,Eric Phiri
725c73f2,H Rashid
1c5c3dce,IO Okpe
40849abd,Lauren Agenbag
7a787b98,M Magagula
2e392afa,P Aho
71fa64d6,P Useni
b9e07e44,R Abdulkareem
ff387f93,S Kintu
681f522f,SA Okpe
c25d26dc,Sulaimon Runsewe
b794a78d,T Sandeep
d2ac882a,W Dlamini
67a7c2ee,Kim Cotton
89087a0d,RB Tiffin
475e38b6,S Das
166e5081,SS Hazare
d8ff8121,Mahmood Kharoti
861606b7,Asad Rauf
f1375866,S Dua
b7cad41f,PK Khakhar
bff458c6,AA Bilakhia
b0419f8c,JD Cloete
8a668774,Shoaib Ahmed
b1d7d7bc,A Totre
030f3089,K Yadav
0479de6b,Mohamad Rafi
aa2a4962,K Swaroopanand
c33d8116,Mohsin Khan
bc19a37f,Sanjay Verma
407d13cc,Ashiqullah Said
e141fddd,EB Knowles
f78aa227,Hilal Ahmad
cf0b9a0d,Khalid Ahmadi
8d78d0d0,Mamoon Latif
5338b9f5,Muhammad Muneeb
76b19864,Murid Ekrami
073ef5a0,S Pokhriyal
d4aa6a65,S Rengarajan
036dcf9b,Saber Zakhil
4dd6a707,Sazzad Hosen
b6bad765,Shaheryar Butt
6d27e42d,Wahidullah Usmani
745c3cbc,Adnan Mirza
c821e504,Bipin Kumar
f4a2d087,Bukhar Illikkal
1f943bef,H Rathod
f11bc2ff,Imran Mustafa
add288ea,MM Baig
09c766ec,Mohsin Zaki
b67af1c4,Muhammad Jabir
df3947f4,Muhammad Murad
aef39fe4,Muhammad Tanveer
05b35689,Muhammad Usman
458161f4,Rahat Ali
71ad618b,Saqlain Arshad
2982a0c7,Shivani Mishra
441c1b67,Uzair Amir
ccceaca9,Yasser Nazir
dcbea954,Aasif Sheikh
ef07f354,B Yadav
fb0a571f,DN Subedi
e3386c8a,K Bhurtel
c4e73ff1,KH Prajapati
72253b87,Kaleemullah
75c8a26b,Lokesh Bam
b878fc9a,Nestor Dhamba
8955b928,S Dhakal
21afb939,Shoaib Khan
db51b9a0,Ali Raza
9bb259b4,Ashraful Shuvo
eb02a5f7,Ayush Ummat
82fc5e8d,M Sedgwick
493ed665,SJ Ross
39e6bad7,Saqib Naveed
cb9c621f,TJ Heath
7d2a4250,RM Deshpande
034d3c52,A Husain
6a986c7c,Bhumeshswar Jagroo
5190900f,E Haven
a428109a,Emmerson Carrington
c674f722,GT Taylor
a1aeb715,J Hurley
a0a27cd4,J Jagroo
9bc324b5,JR Barry
a268c07b,K Hinds
efbd35a9,LA Musiani
92075cdc,M Taylor
7f2cb055,MS Graham
e8637dc9,O Stewart
4ed0bf6a,PL Bruno
7804d401,R Davson
9fa5496f,R Escobar
f1737607,RM Siri
fc30a5b7,RP Mitchell
266473e2,Amoluk Singh
118b0a7c,Aziz Sualley
f98c24ec,DK Anefie
68e21fb1,Devender Singh
a1448a10,JK Vifah
1ce4f664,KS Bagabena
6949f713,MK Anafie
b38a9f73,OH Agbomadzie
c74c583b,R Bakum
b0f9dac4,R Nil
bc3fc527,SK Awiah
4fafd79a,TK Joseph
44744467,VL Mukesh
2efc430e,AY Dandekar
eaa36b2a,BJ Bennett
3c04e91a,LE Hannibal
fbcfa528,T Munyonga
34ab1e6e,A Gbla
c7acf05f,A Kainessie
7213d757,C Bah
2494ff9e,D Ajekun
69caf2be,G Ngegba
c556b9d2,G Sesay
a7a885b5,I Kabia
38702fb5,I Kamara
d7acab5d,J Bangura
c4ecc42c,Joshua Asia
5a970aab,L Lamin
c381cec5,M Kpaka
a9d788e3,Mohameed Taiwo
0c8bce52,O Adekoya
3239c8a9,R Coker
7fe9a7e6,Y Jalloh
eb2d5fe7,Anwar Ali
195fb6db,Imran Khan (1)
0b06b921,Khalid Mahmood
b9be6507,AS Yadav
5451a2c1,B Chipli
cbebf805,BR Doctrove
acd4f5dc,DP Vijaykumar
7eae4418,Misbah-ul-Haq
53ef012d,SL Shastri
1df4131e,Talat Ali
925d2e93,PJ Nero
6d10c034,DM Koch
3e253a50,PJ Gillespie
689f2eed,SAJ Craig
dce2019b,F Behardien
86f84b37,AM Tribe
5de198db,Abdullah Akbarjan
9e0bd203,B Ward
80f9fd4f,C Brennan
9f998ed8,CW Perchard
d8976cb7,DG Blampied
6b46ce43,EJB Miles
42bf1b7d,H Carlyon
fc80e7a2,J Jensen
0b581ed6,J Sumerauer
c810b349,JAD Lawrenson
32a8161e,JW Jenner
7ca68967,NA Greenwood
dae28050,Sahel Zadran
9c91218d,A Natubhai Ahir
5a42db78,Abdullah Jasat
04539335,D Wheatley
e205ce8b,FL Patel
de6b3760,Festus Benn
2e3c45d3,HJ Patel
244009ae,Irfan Hafejee
ce1abd25,J Jemison
732c9016,JE Scott
1154bf4f,Jermaine Lindo
214cf493,KB Ahir
40a5bcf9,M Sohel Patel
97e36a0f,Mahmud Jasat
c2ecd4a7,N Ahir
00c98c78,NH Ekanayake
2f6f44bb,RDB Ahir
c83ef4d6,Sandeep Goud
9ac70727,Sohel Patel
e4bc45e0,T Brown
926c6d3c,Abdullah Mahmood
95bd9407,E Karimi
28b032ac,Lucky Ali
6709b2de,Musa Shaheen
fe2432c4,PB Gouge
bc6f8328,RJG Palmer
498aacac,S Thanikaithasan
8de618ab,SA Ahmad
5902f2eb,Saud Munir
ef141f36,Surya Anand
96fe3e9f,ZM Tribe
d99cc23a,T van der Gugten
5eecae5d,A Louw
a476d6d0,E Lassen
e6bf8162,H Klazinge
6fda55cc,A Deshmukh
2deb4082,A Kheterpal
747209e0,AG Weligamage
b91083bd,Abhijeet Ahuja
4d83491d,Aftab Kayani
026e1314,Ali Yalmaz
9865ed99,Asif Bevinje
d7265622,G Manan
11f56b14,HV Mandhyan
1b8242f2,Imran Haider
032c7eab,Khaibar Deldar
1339f52a,M Fontaine
8f8d30be,S Ashwathnarayana
ad05692c,Sami Ullah
0837bb5f,Sanjay Kumar
7c38942a,Zahir Mohammed
5d6a1f76,Zeeshan Kukikhel
84424f4f,A Nand Kishore
8ab5da97,K Srinath
e6789a88,DA Haggo
6e161a33,JNK Shannon
f987245c,AM Ellis
d8328d3d,MSK Nandiweera
d7327068,BDA Westraadt
f771a151,EC Rainsford
73e749e1,LE Bosman
1e960f2a,C Kieswetter
f444fdac,JH Evans
3812d56b,MH Yardy
e237b28c,Mohammad Yousuf
fd201eb4,Shahzaib Hasan
44a5f2b2,Hamza Khan
090f96e4,Muhammad Nadir
467c28f9,C Hartmann
3967b66f,CJ Langford
c90346a0,D Jansen
68019a70,EF Beard
8bee668b,G Burrows
dba54d8e,JA Burrows
a2dd9236,K Cawte
6e60a792,MJ Ansell
b0aadf4f,N Knights
43f4087c,NA Rock
9581ac6b,Masudur Rahman
37654b75,Nasum Ahmed
bd81a027,Neeyamur Rashid
d365d463,Nurul Hasan
711249d1,Shamim Hossain
c3a96caf,Mandeep Singh
4947c258,N Pandit
573fb985,NJ Llong
4957b300,A Neill
bd9fbd51,Fayyaz Butt
07ff32f5,Khurram Nawaz
fb82725e,Rashid Riaz
e9c7f0d0,Fazalhaq Farooqi
626c5379,R Sathish
7c32b886,R Subramanian
5f91b34e,Abdul Stanikzai
e45810ed,Abdul-Shakoor Rahimzei
6ddaee2d,Abrar Bilal
cfcf189f,DA Blignaut
bdf1ffe3,M Jameson
b1b99a1a,Sajid Liaqat
8e5a1a7a,Talha Khan
8836fcac,M Mosehle
17c7ff26,PJ Hartley
b61d9d70,JM Williams
ef9a3298,Jonathan Blades
287686fd,S Narwal
31803fac,Abu Hider
affbf093,Anisur Rahman
2ae9be7f,Enamul Haque
4a36c370,N Madziva
4d4dbd57,Ijaz Ahmad Ahmadzai
32de4eae,Mohammad Ishaq
75b8e198,Nangeyalia Kharote
3c28853f,Sediqullah Atal
53bc7b84,Aftab Ahmed
c1cd91c3,IL Howell
e03b66ec,Mohammad Asif
d6ac6545,Nadif Chowdhury
4d6d6280,Salman Butt
b743f01b,Syed Rasel
33cb3411,Younis Khan
46ecfe40,DJ Millns
b3bd0666,M Burns
59ec9638,Abhijit Bhattacharya
f848ab0b,Prakash Bhatt
46a7ac78,DM Nakrani
c57fa67e,E Otieno
6cedad99,EB Ringera
b6b3ee6e,F Achelam
0d0f0385,F Akankwasa
fb35ab1f,Habib Enesi
ca92a578,IA Karim
753b5a2d,NN Odhiambo
6345307f,O Chirombe
db1bf9c2,RN Patel
269cc4ff,Riazat Ali Shah
ae5a7eb5,Saud Islam
2af28253,Vraj Patel
21dbacff,Abdul Samad
0cabf6f4,Adam Birss
96275259,B Ito-Davis
1d8a3ca6,B Namsrai
3f9783fd,E Otgonbayar
947346d8,G Ganbold
267cafb0,H Upadhyay
e03ca117,K Kato-Stafford
c4f8d754,L Erdenebulgan
c4e205e4,M Vivekanandan
b0e16d9b,N Naranbaatar
ccd88623,O Lutbayar
5a8f8619,R Newman
e76c8732,T Amarmend
fef40097,W Miyauchi
45c6afaf,Z Shurentsetseg
3204c99f,G Coetzee
a1d95bd8,LB Williams
85b3fab2,T Stubbs
053f3ce3,D Ravu
d996ba33,J Kila
365229a8,K Doriga
87a92b6b,N Pokana
c70448aa,R Hekure
9a95bebb,S Bau
6b35790c,Asif Yaqoob
d5130a30,B Sai Sudharsan
aa4063d0,M Kuppuraj
efc04be7,Noor Ahmad
ad3b6e95,Abishek Porel
2cffab74,Mukesh Kumar
f89d3b11,Sameer Rizvi
67df71c9,VM Dhokre
a3357a27,Vinod Seshan
a8f91f78,Abbas Ghani
65cf74b4,Abhishek Ahuja
e44cb88f,Adeel Ashiq
e56fb33a,Adeel Tariq
5845b99b,Ali Farasat
5772882c,Amal Jacob
f9dc404a,Amar Naeem
75ebfe19,Baseer Khan
33b67317,Bilal Zalmai
5757c506,Danyal Akbar
46f4a901,G McCrea
663ad386,I Asif
5592153b,Kamran Wahid
6a97c7a4,Karanbir Singh
a92609f2,Muhammad Burhan
5f25b104,Sheikh Rasik
e5ecb1ef,V Ravindran
74571ec4,Waqar Zalmai
67b7bad4,Fareed Ahmad
c1d0caa5,Farooq Khan
f82540a3,Hamim Khan
c290033d,Ihsanullah
ff3f6fc1,Mohammad Haris
33609a8c,Saim Ayub
431f8af4,Tayyab Tahir
28392e11,Zaman Khan
47b33198,Chen Zhuo Yue
f9a4a039,JM Pereira
c251b048,Luo Shilin
91cc319d,Ma Qiancheng
78fcc740,Pavandeep Singh
8ad68ea7,Ramasamy Venkatesh
f737ab44,S Vijay Unni
aa3a7285,Sharveen Surendran
6dba59e0,Syazrul Idrus
3883402f,Tian Sen Qun
144e5b16,VG Rathi
f3c217a9,Wang Liuyang
12c9c558,Wang Qi
87c93848,Wei Guo Lei
1ebfbbe4,Xie Kunkun
68408eff,Yin Chenhao
023c40b8,Zhao Tianle
a03ee6e1,Zhuang Zelin
ffead9c2,A Chaudhary
f4f0fafd,B Sumanth
06cad4f0,A Sharafu
d2d15439,Aayan Afzal Khan
9d0344f3,Akif Raja
f5715b48,Ali Naseer
074acfb4,Asif Khan
3ee90b67,Khalid Kail
8f3c6b8a,Muhammad Farooq
4b7f60af,N D'Souza
c2f12310,PS Athavale
369cc49c,Rafiullah
ab23a6a1,Syed Haider
2259c12d,Tabarak Dar
5eb51b97,V Sukumaran
34b332d3,DC Drakes
1afdbdbf,JWM Dalrymple
f14c62e4,PA Nixon
439aa572,PD Parker
49dc2ef6,RD Goodger
86d151dc,RL Parry
7d3937ed,DJ Thornely
756389bd,S Vidyut
84624717,D Ganesh
cda3625c,D Rawat
c872d657,DV Devjani Mutreja
76177951,G Murali
4ae44aec,G Singhdeo
6ecd3d7b,GE Gutierrez Chavez
8c3cbee9,Imran Ahmed Kaneez
b0ff13d6,PV Naringrekar
5b351aff,Pratik Singh Bais
5995707a,R Ankad
3424e050,R Shah
acb6ee37,RR Saun
5c86b6ac,S Elayaperumal
3ed39f01,S Murari
927b34c9,S Pillai
5597338d,S Ravikumar
acf06e10,SB Wagh
9663115e,Seetharam Guruvayoorappan
091880f7,Shantanu Kaveri
35f622e6,YJC Altamirano
18aca3ce,MW Graham-Smith
83c3e8e3,SH Johnson
4b594b43,IA Thomson
800187dc,SR Bernard
409ce380,AA Onikoyi
f74b682b,AJ Ayannaike
3a1c34e6,D Gim
400cf68e,S Mba
7d13b388,A Kassam
b66201dd,Aarnav Patel
21b67523,F Mutua
0e63259d,J Campbell
9124e5ee,K Macheka
eb4f9c61,LN Oluoch
3e28808e,N Mugabe
c07a1f41,NM Odhiambo
ffc308ee,O Muzondo
e4c69c16,Patric Makumbi
f4417987,R Mupfudza
d1d83db3,T Gwandu
06fc82b8,T Musekiwa
3df8f9d5,Vishil Patel
2343b4bf,WT Mubayiwa
65cd62a9,A Martel
d77ecd14,B Fitchet
0ed66ce6,C Forshaw
aea11d1d,D Birrell
61da7440,D Mullen
580ae7f2,IDA Damarell
0ab42b8d,J Kemp
d1b1eba7,J Vosser
0f72f582,LB Ferbrache
62b2aa65,M Dale-Bradley
c573d173,MWR Stokes
1deb4c0c,OB Nightingale
c8ea9add,S Simpson
f91c322b,T Britton
b35f3ac8,DS Manohar
21946d0d,AM Oyede
51e0e79f,AS Abioye
8160713d,AW Hawkins-Kay
f8035c2a,BDH Stevens
e6581a17,CM Akachukwu
89a7dd4a,JE Dunford
c149b9ca,NJ Ferraby
45a34a2d,VD Adewoye
456f6d99,Mukhtar Ahmed
856228d3,S Rwaziyeni
4a3132b1,TJ Matibiri
753ada66,A Dhingra
df1b4c8f,A Halbhavi
704e0160,A Nanda
201d3a67,A Sawyer
488b7e22,Anoop Orsu
1c8cd1c3,J Horrocks
6ac4fb9c,J Pant
441006af,K Mirpuri
46ad7e01,KJ Stagno
b504e8b8,P Hatchman
12a7e02a,S Maynard
faef026c,SKS Gill
9d4f3a74,T Atoloye
32e97806,T Martin
b857468a,V Vijh
465aa633,N Burger
c7a995d3,R Sai Kishore
83250fea,Chinmay Sharma
d1305df0,AGS Gous
b0eaaac6,Ali Khan
5ec41cd7,Jasdeep Singh
571e1d2a,Shayan Jahangir
19c56e6e,AJ Mosca
31c04b7b,CJPF Kalugamage
0e56c514,HJ Manenti
37b55799,I McDonald
8f02f6a8,J Mosca
26d80a9d,M Campopiano
c83c594d,M Cope
84880baf,Milad Momend
4e3fd330,S Kushretha
c520c3b9,Syed Naqvi
c31adb5c,TC Barker
88fac705,TJ Draca
fb34b0ec,WJ Cope
cccac242,Zain Ali
ee8f1a6d,Azam Khan
92f0e10e,Ahmed Aqeel
29b322c7,Ateeq Iqbal
3f149080,M Coetzee
53967e23,Nazmus Sakib
b478bce3,Selim Shahid
1008518c,Tariq Rasheed
2f22325f,Ameer Saiyed
33ab1f1c,B Khumalo
f6aed283,CN Kakuru
8de34db0,Charles Kariuki
a96b36af,D Maisuria
5a9b694c,J Karuri
21549344,K Motlanka
39fd9295,K Piet
008a024c,M Mooketsi
9f2e1944,P Silas
4393e047,R Nehonde
6bc04a3e,R Obuya
18ae55e4,T Tshose
0c1da0c4,V Balakrishnan
a2317d14,V Mbazo
ed0bc503,Faisal Afridi
42a01b52,Ilyas Ahmed
15c766c3,Inam-ul-Haq
b9fd3959,Iqbal Hussain
324edd0c,Jandu Hamoud
922e3dcc,Kamran Khan
62474838,Mohammad Ahsan
82afc034,Mohammad Rizlan
856cbb1e,Mohammed Nadeem
e7458e4b,Muhammad Kashif
6adabee6,Nouman Sarwar
7bb926a7,Tamoor Sajjad
910584a7,Usman Waheed
d754fde8,Zaheer Ibrahim
671398e3,DK Butler
2cec2a92,Abbas Afridi
862c0b16,Aidan Seaver
ea123ee4,M Hawthorne
395695ce,C Kyewuta
98299b67,HGV Vare
5e39110e,I Chabi
0730a707,SI Kamea
a64e3b89,SK Atai
2386ccff,K Hariharan
2049f3a0,SJ Srivastava
36931357,DB Cowie
91c984a1,JW Wilson
9811e35e,Gulsan Jha
9e432a38,Khalid Shah
098a757c,Muhammad Jawadullah
424a7994,Nilansh Keswani
0ef792dc,Sanjay Gurung
5d46eb72,VK Jha
73b1db79,Abdul Hashim
94ed8d37,Aftab Ahmed
821a412e,FA Klokker
0331c99a,Hassan Mehmood
1283e17b,Imal Zuwak
fb0d3749,Zameer Khan
30e37810,Sunny Singh
7a3244b5,Raju Mukherjee
3c370b92,Bosco Tuyizere
1f8e97d7,D Uwimana
ba3b4b09,EH Dusabemungu
5fe3709e,G Bakiweyem
f5d91a1f,Gasana Christian
49fd9963,KF Bakiweyem
b68b1633,P Vekaria
c7e3c349,S Samal
803dbf1d,A Dutt
537021f5,JT Brassell
c51add25,MB Kruger
f427e63e,NRJ Croes
ff6a7ab5,R Trumpelmann
aeab0d4f,D Klein
e28bb0b9,DO Leicher
c363921c,G Pillai
c9f851b0,JL de Mey
cdd9fa95,Shahab Alam
349cf113,Ainool Haqqiem
6d24561a,Anwar Arudin
c6d4cff0,C Tommy
b235cb97,D Sevakumaran
43c90923,Izmir Azraf
2090e94d,J Vira
479da8f9,JW Chilia
f104c434,Muhammad Wafiq
6d5bdc43,Nazril Rahman
515296bd,Tan Kim Hing
a89730a9,W Viraliliu
a3ecf01f,RS Sodhi
4bb7f51e,A Wright
0e6c2f00,AF Ifill
036b8660,BKB Corbin
d465c6d7,C Wright
01127aa9,J Buchanan
30b902a3,P Heron
f06b5585,P Manning
1e98804a,RA Sealy
350528bb,SN Bandekar
3c19f045,T Hewa
1d6e8f52,T Taylor
0f71478c,YSD Seneveratne
3f4b9ae5,Abdul Jabbar
6e991bd4,Amir Farooq
6a11facf,Dhananjay Rao
872d51a6,P Gopalkrishnan
3ebebb18,Riyaz Kurupkar
fbb6d1a7,Shahzaib Jamil
375322d1,A Osei
c6c7d01b,KM Awala
e7e9f2cd,Kehinde Olanbiwonnu
afe8ff08,M Aboagye
480ed517,Imran Farhat
8387d138,Nadeem Ghauri
5537565f,Zameer Haider
ee9bdbc8,Zulqarnain Haider
a8c5552f,Aslam Doria
424a646f,D Ahir
37a1766e,SP Guzman
5afc0b37,Yusuf Bhoola
2d5c6e88,Yusuf Ebrahim
a968d39b,DC Smith
b978780e,G Chohan
1f28fdfd,GR Russ
0ba9de33,HER Tyler
65a29a30,Huzaifa Mohammed
ac6be7ed,J Alegra
5481bd91,J Hill
d4e70d7c,Kapil Kumar
c46999c7,M Podosky
df49ae91,Muzammil Shahzad
f8648b9b,R Goodwin
906ef9e5,A Bhagwat
4f21dc48,Ahsan Abbasi
85ba5659,C Bisson
65122d56,K Christie
c2233c17,Andrey Lilov
b0b80a99,CV Harrison
dfe5db8a,PA Raikes
6779e840,R Cunningham
13bf1d91,Sulaiman Ali
23fa9ea9,Abdul Waheed
6c4ca034,Anantha Rajamani
d20e22f7,Atif-Ur-Rehman
5f1a3d77,Chetan Thanki
bec5cab9,DK Mathias
d24ad3e5,Danish Jasnaik
a7553f15,Faisal Khan
454a7269,Haseeb Ghafoor
c4441675,Hisham Sheikh
da3b91fd,Imran Khan
5e67d4e0,Imran Yousaf
58edb974,Irshad Mubbashar
2513b4fe,Kashif Siddique
f5df456a,M Surve
9d6644a0,Muhammad Saqib
b317852e,N Krishnan
28e0f645,Saad Khan
615688b6,Usman Najeeb
3f5f39cd,Al-Amin Hossain
a945bb28,T Muzarabani
ade73404,C Phiri
70f2f922,TF van Woerkom
abbc280b,TJ Tapfumaneyi
020e49e9,AD Algar
f7bf6004,C Webster
d547fe55,DJ Clark
b312a9c1,E Walker
0c95e20e,F Clarke
dfc007c0,MJ Chappell
510e33d3,Mohammad Ihsan
649278f3,Robiul Khan
4ec96094,GR Adair
bafb9238,Usman Khan
7cefb2a2,A Mehmood
5b627626,B Aparajith
053de19b,RR Jadeja
d18b7f34,Fazil Rahman
78f719ea,IDM Latin
1d1c6410,J West
0ec6a7c3,N Khanna
34dd3fd9,SSM Stanislaus
7adc2d68,Yash Singh
3c6b4b2b,Aftab Hussain
8cae5b48,Aminuddin Ramly
f46bef25,B Manikandan
adc96559,D Mogan
f05bd21b,Samad Akbar
35971419,Waqas Khan
6d9d2de7,AN Aminou
7f929ebe,AN Toube
4b83e65a,AR Balla
75f3aa00,BN Toube
b3179e21,CB Ondoa
01679383,DB Loic
4d2b96b4,I Tchakou
b7abb123,JB Abega
90a8dfec,P Abanda
490f475a,RD Atangana
90f9aedf,RGA Amah
ce274b6a,NR Johnstone
2f3817ce,TP Sudhindra
5661ef90,A Sharma
42c41e1a,Aasif Iqbal
d285acaf,CE McConchie
45df0e72,CJ Bowes
18ac3318,Mohammed Faraazuddin
f972456b,SK Thottathil
bf6c251d,AS Pathania
0ecb4de6,Rehan Ahmed
f48d5563,A Elliott
336a85f6,Abdullah Sheikh
e068d48e,Ahmadullah Shinwari
661e8a03,Ali Saleem
4fde9ae6,Aminullah Tanha
1c4161b3,Bilal Safdar
ee17d329,D Abeyrathna
526fe472,DE Martel
0ac067e8,DR Hooper
3bac0164,G Ashford
723ca856,Khizer Ahmed
f4b6f6ac,OE Newey
8299b9a2,Sher Sahak
9c181b99,Vinay Ravi
6913e38e,Wahidullah Sahak
331e137f,Walid Ghauri
a2ec22d2,A Mutreja
48f25627,Amjad Mahboob
552cf5a2,Hardeep Jadeja
835a58da,NA Karnik
0079f139,R Gaznavi
ba23c98e,R Selvaratnam
e1891e00,BV Sears
562d74d0,AK Rana
2472ad2c,Aamir Lal
90830f8d,Alam Nakash
ddcb8503,Asif Iqbal
431f2dd4,Jun Hyunwoo
42581e6d,K Kubota
4a51c045,Kim Daeyeon
2306b48a,Kuldeep Gurjar
cd752e8a,Lee Kangmin
63f306ac,Mudassir Iqbal
554f19e4,Nishat Sakib
85489579,RW Stratford
7b0ea09e,Raja Shoaib
dbfbaba1,S Kimura
bc02b37a,Sana Ullah
4e869e23,Suresh Subramanian
20d948ae,B Maphosa
87521e16,EA Chitsondzo
90ddee48,I Master
a7739720,Jannie Bedford
b3092fc4,L Maphane
26c9b5be,R Baaleri
d1d8b6a2,S Kollery
545cc6db,ZTA Ndamane
f8bd71c9,Atif Kamal
a4bcaba7,G Venkateswaran
fa794790,Habib Ahmadzai
02b078b1,P Malav
6e9d5add,HKG Jansen
5d38476c,Saqib Zulfiqar
95d3c4a6,TS Braat
af7dadf7,B Akhil
291ded7c,HAS Khalid
36e0770d,GD Lloyd
9d1c62d7,RJ Warren
436c763a,BJ McMullen
e29e9c12,Shakeel Ahmed
66a7f213,Anas Khan
626af7ff,C Hinze
9cce25b7,Hasnain Kiani
b5f3d429,John Prakash
f22d2247,KH Abe
e33a357d,Niaz Ali
7bb62642,Anirudh Singh
c46e9e56,CJO Smith
008589a4,CM Wright
7c70083d,DR Brown
e662b18f,JAR Blain
7c7303eb,JD Nel
ef5cbaf6,NFI McCallum
e343abe9,NS Poonia
a670d624,RR Watson
a2b73ae0,A Natarajan
f3a5c378,Aritra Dutta
8b7ce771,D Jakiel
270b4de6,NMS Param
44c69e2b,S Vijayakumar
8f1e023f,Sidhant Singh
20e3030d,P Ayoleyine
0e102c3b,BAA Zammitt
0813a8b1,D Marks
5365f10f,RR Bastiansz
4fa795d2,SG Chandiramani
45ec7a99,Adnan Khan
c7726eec,Atif Rasheed
68f7caf9,M Jenkinson
085c1a4c,Ziaur Rehman
71686118,Abdullah Shahid
7c885103,Ahmed Hassan
1bada9da,Ainool Hafizs
3e06e7ac,Azyan Farhath
1ca51098,Hassan Rasheed
4add4c98,Ibrahim Hassan
98514dce,Ibrahim Nashath
7267e3cd,Ibrahim Rizan
e43c9818,Mohamed Azzam
7d15170b,Mohamed Rishwan
84682045,Rudy Ismandy
5d77a96a,Umar Adam
e6082b10,BP Adapaka
b601c362,Gabor Torok
8b0b3bba,SA Mohandas
6ceec40d,Sandeep Nair
c8f5f961,Anuj Rawat
8b680f55,Chirra Ravikanthreddy
f336ff13,A Mehrotra
d92e42f5,KP Appanna
4ed80d22,Ramesh Menon
ffb59fe6,T Langa
87ffd217,ZK Shem
b481216d,A Poulose
f06852e3,AJT Dowdalls
b03db6fa,MJG Rippon
b970a03f,M Klinger
511299c1,JD Ward
c01ca5af,CV Anto
b561e8ea,Nimish Lathief
7a27bee5,Parvindar Kumar
384fa385,TL Cutler
6b25ef46,W Wotu
684dc2da,Abraash Khan
f8c72766,D Heyliger
95c434f7,GDR Eranga
82e81007,Hamza Tariq
bb9b51f4,JOA Gordon
e258a603,N Dutta
6b75c2b1,NR Kirton
cbabd6ad,NS Dhaliwal
f80682f8,Ravinderpal Singh
5fbd0632,SA Wijeratne
c01d7726,H Thaker
f0398c2f,J Matharu
9025e58f,Junaid Siddiqui
14810ee7,Kaleem Sana
da4a1e46,M Spoors
7c840f73,R Pathan
f28a60e0,Saad Bin Zafar
b6a85ead,Vimal Kumar
024fe464,PD McGlashan
1a1f45a4,AL Gillies
e4ad57ea,Ahmad Khalid Ahmadzai
b5bd99da,Azhar Andani
b3e9555a,Aziz Mohammad
33328ec7,Fakhrul Mohon
5c57229d,Muhammad Fahim
2d94751e,Omid Mailk Khel
6978bff0,Sajad Ahmadzai
4aad6842,Sheraz Sheikh
90624d37,AJ Jabiri
34e36b65,AM Kimote
c156cc1f,I Danladi
b2dadc51,II Selemani
f6d3cab2,J Masquater
29ee9bf9,K Nassoro
bbab35a3,M Yunusu Issa
badef0dc,MO Kitunda
5d45bb7f,P Sizara
039923bd,S Dambanevana
0848ac5f,S Thakor
91056862,SA Jumbe
9238dd92,YM Nkanya
438aef39,ZR Jaboneke
a28a7fba,A Johnson
af98bf5b,Ammar Khalid
d620b86a,Azad KR
ef5d54c6,Irfan Sarfraz
056b433b,Ishtiaq Ahmad
3402e067,Jamil Zaidi
d2e67105,Pargat Singh
b93b87ae,Zain Ul Abidin
92e41d14,RD Kottahachchi
17efdeb8,Raqibul Hasan
fe0b3bdf,A Langham
99bf1fb7,A Yon
e13f8b16,AR Leo
2c14421f,B Isaac
6577a6ad,BK Stroud
70841eab,C Tlali
c10a581f,CR Richards
e613c509,DL Richards
ceec82cd,G Johnson
68e7e8d5,J Henry
b84be97f,Khan Arbaaz
88a5adcf,LM Gabriel
dad64776,MV Matsau
6f14ddcb,Maaz Khan
06b766f4,R Francis
4040951f,S Crowie
2bae86b6,Sameer Patel
16ddd36b,TD Chaoana
d08fe309,TG Thamae
6535cc7b,V Jayant
06b387f1,Waseem Yaqoob
2e3dc859,YYM Jakda
9db1b072,SM Dhakal
cec44e08,SM Sharma
d83d7796,MW Brown
2327fdc7,AA Rahayu
bf976fb0,AS Samra
06bcade5,ASF Sirah
b5f30525,Ahmad Ramdoni
72275237,Anjar Tadarus
a62f55ba,DJ Hawoe
3c8faed4,F Banunaek
85712af4,F Shony
e969e580,GD Arta
d9cdf81e,GY Prastama
4d7c5b56,IK Gamantika
190957d2,IKEG Artawan
4b349dc0,KD Kesuma
14af45c4,KDA Lukies
f4d1184a,Kulwinderjeet Singh
3f9d95f9,LJ Myott
f0a45427,RM Koda
cf41005c,Yousuf Wadu
3fca55af,S Sohal
13598ebc,A Krishna
28adcce9,Anwar Rahman
ef69619a,Pramesh Parab
63d6f031,AP Rajeevan
b43f7a6a,AR Patwa
c06c25fd,Akhil Anil
847b4bdd,HA Chohan
b7db83eb,Jitin Singh
9d819a32,John Mayeku
ebeb2e9f,M Moller
b501b61e,S Biko
927694f7,Farhan Ahmed
0e5ccbb4,Usman Mushtaq
ffb3b559,JJ Nyambo
eebc0141,A Manatos
b672e825,A Manousis
4612619b,AS Mehmi
1558c83d,Apon Mustafizur
e0febd97,Arsalan Ahmed
67ae5a56,Aslam Mohammad
88251c6c,Asrar Ahmed
db218528,GC Galanis
62724040,I Dimitrov
7d1254b0,Nisarg Shah
11174f6d,S Gasteratos
ff8b37cb,S Siriotis
ae4006ad,Syed Amanullah
4c4d245a,T Zotos
059ec7a5,B Kgosiemang
d7e51f87,GM Muthui
130de2a7,Nicholas Otieno
e9173fb0,SR Bhudia
bfe33045,Nawaf Ahmed
2edb4286,S Varathappan
033ac24e,Shafiq Sharif
30c917bf,AV Lazarus
95957b9e,Arif Ansari
85c56be8,C Chatphaisan
b3540b2a,C Pengkumta
f4ccbe6f,K Namchaikul
40316210,KB Suresh
d0b643e1,Manan Ali
9e3575ce,N Nuntarach
36a0a88c,Sarawut Maliwan
314f0889,Usman Khalid
6892f9c3,Waji Ul Hassan
9c93c0a3,Y Saranonnakkun
7545a91a,DS Wesonga
b64e3749,E Ochieng
671cf580,E Wandera
31865a5b,Gurdeep Singh
6034840a,O Isesele
811785d2,O Olaleye
ed524599,RA Abolarin
dce01d1e,Zahid Abbas
e91933cb,CC Blake
edae74d8,G Kaltongga
136848e6,J Dunn
7370ca3d,JH Kiani
6af3f1e6,Karweng NG
8c483884,Kuldeep Singh
c45701b6,MP Biddappa
ea0e8ea2,R Mahajan
36101309,A Manepalli
07ac9c54,C Roberts
951686f5,Dawood Ahmadzai
31366b7e,G Mckeon
d0e2e8ea,H Niaz
ee40679e,HA Jackson
afa2ebba,Kamran Ahmadzai
72a4c3b2,L Canessane
d3b1d991,Mukhtar Ghulami
c5445834,S Stanikzay
e8a552ef,Usman Khan
62f6d8ce,Zaheer Zahiri
b56f5b6f,AE Paraam
cf17c429,Avi Dixit
de896b79,DF Jacobs
a6b688ef,Dorji
2e89652e,H Bharadwaj
68d52634,IGS Arsa
973d561e,Iftikhar Ahmed
3ad06915,J Coetzee
2d9451cc,MK Thakur
a7e2fb32,Osama Saad Alnadwi
5892ac75,R Kalimuthu
4d9dfc7f,S Banamali
8c0a86ef,Mohammad Ali
ff722bc8,C Outerbridge
04bc296f,D Sabir
dab18aa5,DL Brangman
e3540b8c,DS Bajwa
6d2b9724,T Manders
d0042e16,Z Burgess
871cf744,Deng Jinqi
a2880cb1,H Tukrul
7a25958c,Huang Junjie
ed62962b,SJ D'Cruz
a127e6f5,Shenjian Zheng
f5932ad2,Zong Yuechao
9a08a863,Ansar Iqbal
fd4959c8,HE Kearns
877ad201,Hayatullah Niazi
c01852c6,Junaid Sheikh
21bfd654,Pratik Agnihotri
0daf3ffc,P Bhart
eee46f77,Raza Iqbal
fb27d38c,S Waqas Ahmed
b9c3ffcd,Tafseer Ali
5ad8c974,I Kaia
a1bf281e,Nijat Masood
e22d7ccb,Yashpal Sharma
d185221a,N Dugid
d1a60072,N Wadhera
1579d497,Ameel Mauroof
a482add2,KTK Rodrigo
8f5313ce,WJ Malinda
2278c4ca,R Sharma
ec106638,Rahmatullah Mangal
ea2c0aff,Zain Ahmad
6829b373,Zeshan Arif
d278b70b,C Pyle
324e00a9,Danyal Raja
261d591a,Firas Hussain
4a370769,Gagandeep Singh
2f3b270e,H Pile
b37e3c48,I Doekhie
9822fb85,Isa Zaroo
a4696d64,Jakob Gul
7ca4ac4f,K Chavan
995fd3b2,M Gogev
5c14bd52,Manan Bashir
f9d26872,Waleed Waqar
ff0b1636,Zeerak Chughtai
300bdcbb,H Srinivasan
fcd92ab0,Nooruddin Mujadady
8e81b773,VB Chikkannaiah
a768a762,AA Gajic
8d2330ff,D Djokic
c7aae1f0,M Kadyan
869f61bc,RL Vitas
865d671f,Tarun Yadav
99ffb3d3,KRP Silva
39431db7,Anowarul Islam
b8f10b60,HJ Jordaan
00757ae7,K Suttisan
27128c74,Md Shafiqul Haque
7044cd2e,NA Janes
8c689890,P Syafiq Ali
1d50ed62,S Hongsi
dfa6db1a,Vichanath Singh
a29dd0ec,Zaidan Taha
66c21d35,BM White
8bd614b2,Rony Talukdar
aa467af0,Tanvir Islam
1fb04d31,AA Jasani
a94c2947,N Mapunda
780d1997,RK Kiseto
832b77c6,DKD Warnakulasuriya
913b4b9f,J Grassi
658c2e71,MGSM Fernando
547408c8,NL Smith
f7b2cbe8,C Viljoen
017faef2,Z Groenewald
c8ec02e1,S Chaturvedi
77b1aa15,Harshit Rana
4cfdf1d0,SS Raul
9c9f8dbc,H Davids
d84a2d8e,DJ Reekers
3185266a,DLS van Bunge
cefe0886,E Schiferli
5b8fffb4,GD Drummond
e33616eb,HJC Mol
74cd02ea,I Reid
7c681ee9,J Smits
6e98744c,NG Bagh
6bb53c12,PK Baldwin
c6b11959,A Gorawara
a4a348f9,G Sankaranarayanan
bcc5904a,N Hemlani
296358c9,Raag Kapur
1da489ff,S Kaushik
20ab5aad,PD Blignaut
5b9b8d98,CA Keita
273be75a,D Traore
abbc06cf,L Sanogo
78091b14,M Sidibe
3b107df5,ME Leoela
69795fcd,MS Diakite
8c95e2dd,MS Diawara
5d00cd6f,MT Diaby
86ea6123,Mohamed Coulibaly
d7af6207,S Kamate
fe3e9880,SG Diaby
8a9320a1,TM Macalou
0a67aec0,Akash Deep
ba6b2f91,RA Bawa
e73f6c4b,I Ntirenganya
1a9e9efe,Bilal Hassun
f58295c2,JM Iradukunda
ed06cf51,Norbert Abii
89e17934,Ali Waqar
6cd74704,Dharmendra Manani
a18461a2,KD Mehta
c2a6e61f,S Grover
dfbea4b3,V Jagannivasan
04cf2e94,A Morris
c8a18d94,C Hauptfleisch
5dc19220,GM Strydom
1172f36e,H Grewal
e52eb657,KR Ebanks
819574ef,OR Willis
30baaf1f,TP Allen
679302a1,Z McLaughlin
08df0bd3,A Rangaswamy
3951be49,AB Kamara
adb629f6,AL Kerai
4a2159dc,E Ernest
4c0891bc,ET Dube
492c17f0,JWN Moses
8f70fff7,S Conteh
7ae1aad9,S Williams
456397e5,T Perera
bf896894,Zahid Khan
d72a2d32,A Ganeshan
5e7d78cd,C Tebb
0fc88c2a,SMK Waththage
98dae38e,TK Lal
e75cb073,UNGB Thenannahelage
4d1ec7eb,A Nao
279c51f0,Aakash Chand
9dc3ea7e,H Hiri
270bf7e2,KV Morea
c1077ba3,Pratis GC
2b8b75a0,H Osinde
c4ff0618,H Patel
113880da,RA Bhatti
9cbbe35b,TG Gordon
1e5708ac,Zahid Hussain
20ac8219,S Vashisht
9e287ee3,Waqar Abbasi
7e38d2de,K Weeraratne
b9a3d8c6,Inzamam-ul-Haq
cd219cb3,NL Bainton
55a5cffb,A Ahmadhel
6626e257,S Tripp
1e2a1dff,Syed Atif Naqvi
20494202,V Hristov
2c535f08,F Damiao Couana
3b52d247,FA Cossa
019e7a95,GO Sopinho
2dde3e62,J Bulele
6d5983d4,JC Darji
d816fc1c,JJ Huo
31adde7f,L Emilio
16084b50,LA Simango
b8b95e44,SDJJ Dima
8b6aebf7,SF Nhavotso
1439a13c,VE Tembo
03ef382c,ZE Matsinhe
a74bbdad,A Bhadauria
fa1c618e,RM Eames
879095b0,SL Clephane
596ed7e6,Aswad Khan
a9ee404e,Bakhtiar Tahiri
af2a0740,M Pushpakumara
384cebed,Abdul Majid
c39ee9e0,Junaid Aziz
50ceaef6,P Kurup
23eedcd3,Shahbaz Badar
a80cc0cc,Shahrukh Quddus
b15eaf77,AO Suji
492e1a8e,DB Hair
eeeebf82,HA Varaiya
270b3f8e,JK Kamande
a2b3ce7e,K Smith
fbaa61d2,KO Otieno
5500c675,PC Connell
27cc4361,PJ Ongondo
0b2a170a,R Strydom
2fdd16fe,RG Aga
0b0cc297,Tanzim Hasan Sakib
373954ca,Fayaz Khan
05cf8905,Shakerullah Safi
6db7068e,RA Thomas
1b7b0fa7,Vivrant Sharma
5117fa55,Ismail Ali
8c7b9bfc,Mohamed Ishmath
c8e5012c,Nazwan Ismail
f6e160d7,Shaof Hassan
8db27a28,ARA Chambers
79b2d37a,Adnan Gondal
8b39d02a,H McAleer
709525fc,J Vijay
04df9697,JAM Henri
7d990412,Suman Ghimire
89b7e368,Asad Mohammad
67fedcb4,Fayaz Mohammad
eea27fb2,CA Liyanage
93cc9718,L Poobalan
44f5a3e4,Mohamed Mahfooz
25ef10a2,S Saeed
0f88e2dc,Shafraz Jaleel
890de8cb,Gagandeep Singh
85143097,I Shivram
50a7e89b,MS Mahal
eaa90ab4,P Dharmani
41eb66fd,Muhammad Younis
37753749,Shahid Mahmood
aa76333b,Sikder Billah
b0b5d6ba,Aaqib Sulehri
1e25b5bf,C Carter
681af475,M Ansari
8f770e34,Rabiul Hoque
9029d54a,Zeeshan Siddiqui
bde62f47,Rasheed Rassam
befef38f,Shahzaib
9168597e,T Khalid
b704da31,Waqar Ul Hassan
6727fb4d,A Otwani
3aad4933,B Likavu
1dc3330f,E Bhonkar
8da9a284,E Solomon
bb939fa3,Elan Talker
027662be,J Evans
f2637e05,LSP Siriwardene
e2abcf16,Niv Nagavkar
856fc47a,S Bangera
4d21a67a,WSLK Narayana
4e35e8ea,Y Divekar
138e30ab,Yair Nagavkar
c85bea6b,Yogev Nagavkar
68886c16,AR Naidoo
3c5df172,JKC Ahir
e51abd5e,LR Gaonkar
21267b60,P Chin
762f43b7,ROC Dunka
8048c698,MSS Ranawat
a2870fb7,NK Patel
711e73ac,Itibarshah Deedar
85dcc96d,N Wijesekera
158e48d6,Osman Khan
414d8a10,J Miyaji
5d9ebb3c,Z Abbasi
8b46fc4f,J Baguma
7d4f6e1f,B Ivanov
a073f2ff,S Thakur
98d05440,B Regmi
3de06845,S Vesawkar
46050f42,GA Rogers
53e54340,A Krengel
364345ce,Atif Jamal
2c6052a6,JS Henriksen
d4f2a7b0,Toqeer Ahmad
5f789ff9,R Mbaiwa
d2d4bb0a,TR Birt
2af0e3b1,GA Priandana
2085a934,Hitesh Sharma
e9a910c0,Naveen D'Souza
602db3d9,GJ van Rensburg
75be3b2a,JC Balt
d3a9aadd,S Lackay
4043e3b0,SPS Shikongo
2e4d5f94,TZ Chataira
28f14bf7,Hanoz Iqbal
ac166f77,S Shrivastava
dbc50253,AP Dole
e236db6b,VM Bandiwadekar
112b8472,JW Lloyds
7ee2ce62,VS Solanki
6b64e7a3,J Mulder
3dba85c2,WA Mota
4c47ebf2,GC Joshua
6795cc3a,S Udawaththa
a76d4082,T Suri
260fd380,AM Salvi
943fd425,I Malhotra
9048c17e,DM Gondaria
c160db98,C Smith
cde067e1,J Kariko
65dadc70,Ankit Dubey
eb0f2802,M Koli
2d1b6dee,GK Ghalley
28574428,J Singye
26529e00,Manoj Adhikari
da596754,Mathan Kumar
a9e63549,N Chejay
9c333e40,Namgay Thinley
cc62ec8a,Ngawang Thinley
448dab1a,S Loday
04f0d409,S Pradhan
0c24fb7b,S Yeshi
c01d1c0a,T Jamtsho
39799e49,T Wangchuk
1fed517a,Tenjin Rabgey
ba0ebe56,A Naudi
4b9db9bf,J Grima
81898acc,KJ Ferrary
24c1844e,S Chaudhary
7afc806f,C Olphert
84fa5232,Jareth McCready
0264c10e,D Salunkhe
d6a2f3a5,A Magdalenic
b18dbaff,A Prashar
19758a47,CG Osborne
72f784ca,ID Matic
010658fc,Ivan Splicevic
cfbd3998,Naseem Khan
fed92736,P Bosnjak
ac02a458,V Pulibanti
4a78f962,V Zanko
50dbc953,Ayyaz Qureshi
f6e46de7,BS Sandhu
6005fe89,MH Oman
7b10c047,Mazhar Khan
7c7c4988,NL Ujawe
de6ad58b,P Pustoslemsek
a40710b9,Ramanjot Singh
3346b14f,S Koppolu
587e65cc,Shahid Arshad
68832922,Taher Muhammad
da21531c,Waqar Khan
80fe764d,Tanzid Hasan
9206e859,Jason Lui
4d156994,S Vachha
d5ca4759,Zou Kui
51abacb2,MM Sarwar
76e84cb1,Naveed Fakhr
3e51db81,C Zhuwao
e191bf68,Rameez Raja (2)
6ed3d5ac,DO Obuya
47d00fb5,RL Bhudia
99b202b3,A Chandila
e57d25fa,Jaison Jerome
8ad3d034,AB Mengoumou
25640e61,N Ndouteng
2d46e8ed,Zulqarnain Haider
147afe9d,EA Watkin
e3c88145,IK Darmawan
a89c270b,KC Ramamoorthy
206efeb1,PR Surve
87e977df,Amjad Gul
6c7880ff,Muhammed Shanil
d3893060,FJ Mpegna
6c18c062,KA Jadhav
f992c8da,Yash Talati
cae17490,Ali Hasan
308ca4bd,Bashar Khan
1f08084c,J Clough
be24ead0,Ramandeep Singh
50758325,B Geeves
46ff5194,Mohammed Younis
c78316ab,Amir Hamza
6d36cb93,Shafat Ali Syed
11a22126,A Turay
13501ff4,Mohamed Khan
fd34bcb0,M Machado
10f42013,WJ Lubbe
470050ff,B Vij
7bf34437,C Pervez
679af2e2,Salman Nazar
dc36a6a5,AN Kervezee
1d45c01a,A Andrews
e871b2f0,Anser Mehmood
eb5aa5b9,Bilal Muhammad
71764c46,DS Vosloo
c28a293e,HS Gericke
d5b52676,Idrees Ul Haque
6e71b00b,N Henderson
b5417394,Noorkhan Ahmedi
7ea3e0cc,Amit Sharma
2835af2a,A Kapoor
d9845a87,MG Shankar
b67bfaae,GE Mathurin
a8473c4a,J Hansrod
5a719b87,JF Chester
2ecd844a,BJ Currie
188dc81a,P Balasubramanian
fea1e74f,HR Giri
a09323d8,AM Patel
a90e8bcf,Ahmadi Ravat
80782209,JDP Albertze
ab126ea8,JE Pitcher
69649715,JT Darrell
0e0afd8b,MO Jones
0bb68705,VC Ahir
482762af,AA Adeoye
6cd3a166,B Williams
66c7abe6,M Bodie
a6348da2,T Oladunjoye
25550d06,GI Hume
aef2982e,MB van Schelven
cc18ba92,PS Airee
fa859d3c,RI Ahmed
e66066be,Subroto Das
37db06ef,A Gajjar
e6b3c3cc,Parveen Kumar
a323465c,RR Joshi
97b0e4ff,SC van Schalkwyk
44a2bb4f,U Bhagwan
30df8c66,Simarjeet Singh
1494a583,Dhiman Ghosh
9018bf65,Mansoor Amjad
4aef496b,Nazimuddin
a47041a5,Saleem Badar
8a3756a0,CR Suryawanshi
d1b5efdf,NCK Liyanage
107c26fb,KT Maphaka
fffa744b,Naman Dhir
d17bec15,DJ Smith
710dd98c,MN van Wyk
f2957511,K Penjor
3d7f02d4,RM Dorji
fbb8cf87,E Beukes
78ec6ff1,KDACK Gunarathne
52b090a6,Lakshit Gupta
7a6decc8,Luqman Butt
a21d62c9,Prasad Anish
7cff331d,RR Sharan
a744d530,RV Viraj
dd7dd27a,S Godara
a6631b55,Salvin Stanly
5f77f23a,US Hathinjar
1f4a78c5,Utkarsh Jain
85d0d93d,JJ Luck
20f4a109,TGJ Gruijters
80b92515,Harry Johnson
be6a4ccb,M Tolcher
8c773cb0,Mike Kinder
607ed7c2,Shohidul Islam
e56f4180,A Turkmen
6d8b7ac4,Abdullah Khan Lodhi
c7bb2416,GG Alta
4d0d5b7d,I Elec
e01d2dae,Ikbal Hossain
357484e9,Ilyas Ataullah
d62f04f5,M Ozturk
8e7e982c,Muhammed Turkmen
126f1e28,R Nath
6d9238ac,Serdar Burak Emir
356bf068,Shamsullah Ehsan
2e18b647,T Turan
a67aa9df,AJ Barrow
bd3c364d,T Takada
c6e1354c,Ikramullah Khan
9b85a13a,Mohammad Ahnaff
1a54d618,Mohammed Irshad
d482c8b8,Musawar Shah
82f0b62e,R Shankar
cffce71d,Raees Ahmadzai
ab859427,DA Rankin
571f11e4,Tanveer Ahmed
12314277,Arshad Khan
20321b0c,K Lake
4758488e,T Tumursukh
bf172ae6,Sufyan Mehmood
099135ad,Aryan Lakra
86197ea5,H Yerzal
2a04400b,Sabir Ali
44aac2f0,Arjun Tendulkar
8dc152d1,D Jansen
540a44ba,R Seth
3daaabaa,Ahmed Wardak
249fe400,Lemar Momand
367f4efa,Samiallah Khalil
f62fa324,Tasaduq Hussain
ee229588,S Movva
d953ed6a,B Zuiderent
6752c57b,Jahurul Islam
d24a1509,RP Smith
56e4f120,E Haynes
28fcb027,NP Mayavo
63841782,ID Gunawardene
7714c405,J Thinley
f9b9883f,K Dorji
ad03130c,Rabindra Gupta
69cccff3,Rashid Khan
45f4af74,S Chophel
d7f1fe76,S Tobgay
e454c356,T Singye
286fab38,Tenzin Wangchuk jnr
12bba2d4,U Dorji
11406bad,Mohammad Asaduzzaman
ca673cff,Sapan Mehta
c65e0275,Babar Ali
6293933e,O Akintokun
4286e899,Syed Aqeel Israr
823a57a9,S di Bartolomeo
5f0f398d,D Mauro
56544f81,S Rossi
7671203a,M Montgomery
a819f6c8,Zahid Zadran
55053e4b,AW Louw
c9062c3e,R Rajesh Kannan
d3fcb126,E Hasahya
8708c072,R Heyns
71847f28,S Browne
838bc6ab,A Raza
91c0d39f,Adnan Razzaq
b7824537,B Niaz
509a84de,Faisal Mehmood
22431c5a,J Flannery
7dde58c9,Mudassar Muhammad
5e0bb751,Shagharai Sefat
5b2acc3f,Shahid Afridi
877ab296,Ahsan ul Haq
a46ccefa,Furqan Dawood Sange
0aaa8310,Mohammad Nasim
941dfb84,Mohsin Shabbir
b73625cb,Sarfraz Butt
bf09f51d,ADL Stokoe
ac2f2410,Zeeshan Sarwar
8b248d88,R Frylinck
b8f1cda4,Muhammad Zaghlool
5abb0f07,TAW Patterson
5edaa34d,B Dugic
57cb4044,BC Sahin
7990dc16,Muhammet Bicer
dc53a969,Muhammet Kursat
86f471ae,Murat Ipek
f2990906,Murat Yilmaz
a9fd6ca3,Rahman Ademi
54279e23,Alok Kapali
68be5567,JS Jesani
68c3f79d,LN Onyango
96d914f6,NA Shah
4a9a7712,SR Modi
3ee0050f,PM Liyanagamage
21ac077a,RR Bose
866d3ac8,A Parima
7ad1417c,B Vakatini
26b59073,C Dickson
a2c03e90,D Teinaki
a6755401,DS Maraiwai
a9f43e60,G Raymond
30a307d3,J Baleicikoibia
1eb2b096,J Batinibulu
e112732d,L Denny
3d29b5fc,M Beitaki
00863408,MTMMJ Ave
93c8799e,N Acawei
7eb7b47b,P Cabebula
2074ce03,PR Patki
653a7fa8,PV Vuniwaqa
00755e00,S Delai
ce7936a5,S Ravoka
a02b9f81,SM Tupou
ecd51f8e,T Parima
1c8ada57,T Ritawa
1f8b4fec,T Vanuarua
039cabd9,TS Waqavakatoga
82a33cac,W Kokaua
5c805a60,AA Navicha
31f01815,CB Roposo
af4c15c5,DV Macome
5b531900,LF Mavume
29ea9edd,Mehmood Kharotai
44d623c9,J Pakhiaokajee
e553e27f,K Senamontree
e80ed014,P Desungnoen
e6948355,P Suanchuai
62318525,P Thongsa
1f74f675,T Yotharat
8fcebe83,M Jukic
e48c6ec7,N Davidovic
21526a38,E Jabarkhel
c311564c,Ibrahim Jabarkhel
c079c66a,Noman Amjad
5360c9be,R Mangal
8a5a8cf0,SM Warnakulasuriya
2e2fe3e8,DP Hyatt
9514072e,NA Malcolm
1e78c51c,J Sebanja
1b77c4c6,Shaik Basha
2853eafb,V Iriho
ffbbf432,F Choudary
03ecfde2,Shoaib Khan
ea86bc29,V Aritharan
161641cd,Aamer Ikram
7db29f25,Ali Naqi
4a4991c1,Mian Mehmood
ecbd4377,NH Naureen
ddc7e056,P Buccimazza
321fcf79,S Singh
a049c39b,Tariq Aziz
84d0b84c,Tauqeer Hussain
2bcbcac3,A Limdawala
47c66d8a,B Masauko
e5117568,B Pondani
ef4f539a,C Chete
45ca12a7,D Kansonkho
f3ca5af8,G Kansonkho
8c8a3f08,GM Ntambalika
5570c4c1,M Choamba
89394502,MA Baig
602ebd4c,Sami Sohail
27320242,IW Budiarta
d792374d,KK Dobell
acf2b680,Muhammad Afis
43247512,Vinay Iyer
c8ad0749,AK Perera
fb59e5bc,Akash Babu
219a417a,Assad Borham
50955fee,Syed Tameem
3cf5a041,VN Veetil
a7d6c101,Waseeq Ahmed
f5b68485,K Pala
95bcba19,RP Magar
ff1e68fa,B Indrajith
5e71fa21,Shabir Noori
21d46f15,Zamir Khan
d406e303,D Johnson
ffca4a9d,SVA Karthikeyan
1e43a8c8,Sukhkaran Sahi
5208c0a1,DI Allan
3a29a9fe,K Gulamabbas
92c43fac,RD McCann
f48cf4da,DT Patil
f663ef00,J Arunkumar
2df62c48,Seif Athumani
a5544576,D Murphy
59f509ed,G Goudie
7429c452,I Wardlaw
7805af0f,NM Carter
cc777ffa,Abdul Basith
d7017798,A Raghuvanshi
e298c588,M Krishnadas
192f2caf,A Bhargava
0f22d07b,MG Silva
4c7c6f58,RJMGM Rupasinghe
e3fe4b49,F Hand
661b0266,K Sharma
ff2dd5e4,Abdul Salam
eb6d1f4d,R Theruvath
3b6e4c78,Tahir Mehmood
243a2cf1,H Isorena
0da52658,AR Gandhi
092ccf20,JS Kundi
bbafa5d6,A Harris
a9a76481,TO Carmichael
fdcb08c2,A Uniyal
643f2e6a,Dharmang Patel
ed27d267,Yousif Wali
328cca93,Zeeshan Abbas
e0f12392,Mohammed Alamgir
ec5160d7,J Broad
57888f3c,Muhammad Yasin
194158ae,Nilkesh Patel
16c50be4,P Dhiman
391a825b,C Sudarsanan
b8e65260,Imran Ameer
1b8c2b54,M Prasanna
b52f7ad9,MM French
3465e307,R Athapaththu
43462314,Rohit Kumar
2669d6b7,Mohsin Khan
87046e99,Gagandeep Singh
e3fbe553,Abdulmalik Jabarkhel
10ae134c,Jai Sinh
ea5e0599,Jubaid Ahamed
8ae49076,Sathya Narayanan
b8396e67,Cihan Altun
95e47073,Huzaif Yousuf
14cbe9b7,Zaid Soulat
ef8eba13,Zain Asif
6821ac10,JJ van der Wath
98aaa3f3,M Thurgate
48024cf4,MM Siddique
ce2fdf8f,R McDonald
d8bee9a1,J Shaju
3b2ca392,Shunan Ali
3d942cdc,E King
ea45f98b,I Mansaray
bbd365ad,S Ogundipe
91e035c6,Awais Ikram
b46b3d9b,Muhammad Siddiqui
0d4d3cb1,R Dhiman
8b9704ae,L Ablish
c5419142,NS McNamara
890b877d,VB van Jaarsveld
29859e71,Akhtar Ahmad
3b2114a5,Darwish Rasooli
a7c3cf5f,Morshed Ali Khan
dd98b22f,Munim Shahriar
56f53516,DAP Darrell
8bbb89ab,Ahmed Baladraf
df1f2f29,Fiaz Ahmed
63578359,Kashif Abbas
5f77f4ec,A Kansonkho
1abfa11e,L Nakomo
792805ee,M Abdulla
00029c30,M Mwamadi
2a00735b,Saran Aslam
43449b1e,JEA Doctora
020f24d6,NJA Smith
5ac45f13,Munib Haq
2a1bc1b0,J Foster
82af7861,LP Kasturiarachchige
d3016d75,P Taylor
afb1787b,P Vincent
d9de31d4,Rayhaan Ahmed
5b7efabe,Aviel Warsulkar
125853c3,T Kahamker
20988564,Virendra Kumar
c6614fc0,DNA Ankrah
6efdad14,F Baleri
98614193,IKO Aboagye
cda8ef3a,Ovais Yousof
a8529363,S Ateak
9c33091b,SL Perera
65a60be7,V Ateak
d22287a8,KA Bazil
e5b16284,M Manivannan
3fb56752,Shahid Ahmadzai
d6055cb9,Ahmadschah Ahmadzai
4121a79a,Azmat Ali
8787dd53,Husnain Kabeer
4ee5ded2,Israr Khan
3e46c4f3,Junaid Mehmood
fccc2d5a,Usman Arif
112959b2,A Bagai
e66d962d,Arsalan Qadir
b7646e8c,GEF Barnett
1fb2f362,IS Billcliff
4a810ed9,Ishtiaq Ahmed
5471024e,JM Davison
123e663a,S Dhaniram
fd8ffc13,BG Frost
1b6fef02,P Mustard
18db3f22,C Waiswa
f3e240a6,Mustapha Yusuf
35ae9e8a,S Rungrueang
b8cd9955,W Ngowhuad
e1370b54,WJR Robertson
c4bc3b59,D Khanal
70ced7f2,Mohammad Aadil Alam
d993628f,Y Kaparo
f24ca2ba,C Nanda
e64c35df,A Johnmary
3befa8e0,Hashir Hussain
bbfdb0c8,Mobashar Ashraf
67721a32,S Santhirakumaran
2a853aa5,U Shahid
f7f7bee0,Virk Ali
b99e3162,MV Krishnakumar
1f3e41fe,A Rajshekara
e2c882d1,AN Lascu
b8fe81be,Ali Hussain
906b7d48,Muhammad Moiz
ecfdfbad,P Hingorani
ee86a890,Rameez Khan
b2ef796b,UL Dubey
cb4a3840,Charanjeet Singh
3bf40832,GL Cloete
fdc1ac0f,Hazrat Luqman
ab54f9e7,J Jarvis
7ccbae86,Nadeem Anjum
a71d0f89,R Chopra
9124aa4c,Zuhaib Zubair
3676b91f,D Kegasitswe
e28327c6,H Pragji
1a37008a,K Mothlhanka
f1828fe8,Marthinus Louw
e2dae8f4,Willem Prinsloo
94113d54,AJ Parmar
2b203501,Akhil Arjunan
3e697d4a,Chaudhary Akram
6513502f,Faheem Nellancheri
cc796077,Ghulam Abbas Butt
909d9fac,Javed Maroofkhail
c31d7da1,Jordan O'Brien
f5bd70f2,NM Salonen
fc362c5d,Qamar Mushtaque
733f759a,S Samanta
1f3d7990,Saif-Ul Islam
f81e1875,T Koralage
4d4fdf4a,SJ O'Shaughnessy
91cf746e,Absar Khan
9f4aeb13,Bilal Aftab
2c2013a9,A Bhattarai
da9f58aa,Hasan Murad
21b97584,Mrittunjoy Chowdhury
489aaf0a,Parvez Hossain Emon
492ff0c2,R Mondol
77768f72,Rakibul Hasan
69e23303,Shahadat Hossain
7a653792,EP Thompson
6df8d190,SE Findlay
7c6293d1,A Orfila
27aec396,M Stoman
8eb7c5a6,L Berthe
e15c6692,M Malle
0fb1f503,Damian Morrow
61fb296e,TL Chivanga
f7cb7c3a,Abul Farhad
91136091,LHB Harrington-Myers
dc650363,FE Carava
0bab1be2,M Fru
0bd536fb,P Raho
1ac746c8,Atharva Taide
487c072e,MD Martell
7132a1a6,B Kalki Kumar
f9d5ba4d,Frankie Spiteri
dbd19fb8,C Rice
5cc0fccb,Tonye Timinadi
0ed0cdbf,H Das
46d037eb,Ammar Zuhdi Hazalan
d019608b,D Nath
d2343b26,Ryan Milne
7d32d965,RT Lyons
c5a864d7,SJS Smith
fda4150a,M Brasier
cee89f44,Mohammad Usman
52e8dd6b,Zaheer Maqsood
6a88d66d,Abdul Naser Baluch
27f77bd6,Abu Zar
5c037734,Choudry Share Ali
534c3dbe,Fareedoon Bhatti
babc65d3,Parveen Kumar
0a15f357,Prashant Shukla
63d6e16e,Saeed Ahmed
d5c38041,Samiullah Rahmani
43f3c050,Shahzeb Choudhry
6798b28e,Sumit Singh
9ba59a3c,LJ Woodcock
9c1ccdea,J Louw
97b9cb64,A Conteh
0ec45a9a,Abubacarr Kuyateh
53dd7d8e,Andre Jarju
02c3024c,F Campbell
180e2c15,Ismaila Tanba
4a2ce060,M Jobarteh
c2409632,ML Bojang
6084f6ee,Muhammed Manga
44116edc,Mustapha Suwareh
57427d9e,O Touray
95c214dd,Ousman Bah
489fb760,Premdip Chatterjee
1bc71d98,Izhar Hussain
f0af99a7,D Ferreira
894ebe7e,AK Saini
1e50426a,M Kristensen
dd340ef9,VS Wategaonkar
94bc776b,D Kalyankrishna
77bedcce,Hadisullah Tarakhel
48301a4b,D la Cock
af16cd9e,G Riley
3caaf69e,P Campbell
2f949d55,A Daxini
b8889eb7,A Faletar
8c911414,D Faletar
bcac2e51,H Hajnic
b0f332e1,L Stubbs
a877819f,G Miller
e8c95491,HB Dickson
b708c4ad,S Draunivudi
6ee9fbb9,Edi Agustinus
6cc4d322,GC Murtaza
5473ec6f,Manish Sharma
5c4ebae4,PK Shoufeer
6ec13131,Shah Abrar Hussain
344292b2,Sivakumar
abb7c76c,Abrar Ahmed
ed6894af,D Foxcroft
ee95065d,Irfan Khan
5d664346,TB Robinson
196a3809,AP Ward
22b25a18,Noorullah Sidiqi
5947220c,R Thapliyal
83f0b848,C Liebenberg
63f3e7f2,JC Martin
da1f80f8,LJ Barker
86ac0262,S Mills
5426de63,HB Shipley
1d88908d,K Kelkar
ed547c49,I Pandey
056f58dd,KC Hodsoll
c391d077,L Nyarko
fd3c5c00,AAA Patel
e7a0cb9a,M Leporoporo
2002c586,Omar Hussain
f15d17c7,Sarfaraj Patel
e6a7c6e2,G Axtell
fa3b2690,Tom Smith
d0d9790b,Nurudeen Ibrahim
d37fd2c3,A Adams
f5ef7ac3,TSS Mackintosh
79e754db,P Arrighi
d047f983,P Sharma
fa308279,A Paul
2011735e,A Shahi
77e321db,Aditya Panwar
c228c52d,Arslan Amjad
90bd1f11,B Mahesh
643e4882,Bilal Masud
fa39ad19,D Robson
90eac542,J Chialoufas
2d45d7d2,MPGT Ketiyage
45d0af7e,R Brar
f2c0c73d,R Parkin
98e3f1de,S Burdekin
1e1106d5,S Tennakoon
f219df21,Sahil Chauhan
985b649e,Taranjit Singh
57044247,Windy Miller
8930a2a6,A Kalasi
cab3f89a,Gaurav Tiwari
a48c9735,Amir Mangal
eddf25bd,CAJ Meschede
e5cb6eb9,Nazakat Ali
7a7c7e57,R Pillai
d89c27d1,Emmanuel Byiringiro
b7f70e36,K Modise
4833efb4,N Master
e7e86505,B Evans
94b8d7dd,A Saud
218c7eab,Basir Ahamad
648d060e,Aung Ko Ko
c343a8c6,H Lin Aung
2e005bfd,H Lin Oo
6cf75582,KK Lin Thu
ad2efd29,Khin Aye
cebbf3c9,Myat Thu Aung
1eb5affb,Paing Danu
09e86895,Pyae Phyo Wai
9ee21ee4,Swann Htet Ko Ko
2e092d2c,Thuya Aung
97b109d2,Y Naing Tun
808f2939,RA Kottahachchi
52294a79,H Sharma
0f8e08ad,SO Olayinka
60b46ad1,MO Kain
7febdb69,RM Scott
e0672ff4,RR Behera
290cba17,SJ Modani
b6e29ef5,VM Vaghela
b16ddb79,W McClintock
fe5175ce,Yasir Mohammad
1d89c232,BV Save
0e4843d2,Hamed Khan
80f81038,Dawlat Ahmadzai
84212ffb,J Liyanage
65cebd5d,K Mishara
465fd722,A Chaudhary
44482748,TO Thilappan
40aea524,Abdul Wahid
598f5484,Adil Butt
0fbdc01f,Afzal Pathan
c7cf22bf,Khawar Zafar
c4a60a7b,Mohammad Ayaz
b05cfcec,Sajid Cheema
33687b0e,Shamsudheen Purat
f0e8d51a,Shoaib Ali
a390cdd7,Usman Ali
d3c260a6,Usman Rafiq
938bff19,Mohammad Saleem
169be239,PD Jones
2f4f7785,Asif Zahir
bdebac8a,Atif Zahir
c17dcc29,F Khaliq
5abe5d27,Niaz Chaudhry
2fd4669a,Waqas Ali
1a335960,Waseem Dar
1d6d8a8b,Zaki Ul Hassan
b3ba0c35,Kamal Raiz
3b22ee4e,P Gheewala
5da43a10,R Sekaran
c3ba4942,R Siriwardena
622be0d9,S Gooch
c725d464,A Gavde
519c30cb,CJ Gannon
2f1c0815,D Cato
1b3acd33,MD Bates
357f5314,A Karn
3e285c0a,MA Din
f97e4db3,D Dewald
3a6c6e3a,Ammad Uddin
e7353cbb,Anasim Khan
cc3fb3b3,Imran Butt
e6409ae1,Mohammed Sameer
527c2dab,C Floyd
ff1ec94d,R Klein
7fa79e6a,Qalandar Khan
528a37ce,Aanand Pandey
f1809c03,Tanay Thyagarajan
53e20e1c,WN de Silva
f0f20cf8,Ibrahim Kursad Dalyan
e09a869b,S Barnett
96ff4de0,Adam Khalaf
3cc94090,J Sanjeev
a73251ff,JN Dorji
940255af,A Mongar
55d07946,K Ghalley
80058153,Karma Dorji
43d365ca,Tashi Phuntsho
0abf3da7,A Kadowaki Fleming
30c884c8,B Terbish
aa3ea16d,D Natarajan
ab591e7d,E Isaneez
d26858c0,HB Kayondo
88ee683b,Z Arinaitwe
dd7e9b3b,YV Dhull
d993c121,CR Duncan
7b7cc1ff,GE Greaves
95069621,K Barrasingha
de27f4f9,P Burdekin
2c54c49b,MJ Humphreys
0c160e0d,Afif Khattak
93720584,G Thakur
e5ad357a,MD du Preez
e9870d43,SG John
4fbc6060,S Mohan
deb4469d,AT Chuvale
2ef6c852,JM Joao
ea6ec2d9,Alex Carthew
085071f2,Amit Uniyal
6d6f52fc,Guido Angeletti
08deefa3,Guillermo Aburto
6b7f9d9d,John Bartlett
2064e555,Lucas Rossi
24076663,Oliver Rowe
6876264c,Santiago Duggan
851b0636,Santiago Iturbe
167b3c71,Simon Shalders
3818fb90,Steven Caines
65cfc56b,DK Shetty
2999e5b3,RSK Samson
10962078,U Sofi
786b7fe8,Zahir Khan
a18d14c7,Zubaid Akbari
13f21a98,Alexandros Karvelas
818aef9a,Ali Abdulla Popalzae
ecdfdd3c,C Bogdanos
b388d623,G Fatouros
716bd716,I Bardis
c25be68d,P Magafas
268ec1d6,S Bogdos
8a1350d4,J Hilhorst
40431f63,Abdul Rahman
e1c92333,G Chaturvedi
be0278d2,Saqlain Ali
458c7f03,Amir Shahzad
c10747c3,Imran Arif
21afbcd3,Imran Yousuf
3402a7cf,Zeeshan Butt
ce4cc4d5,R Ninan
ccda520f,Anik Ahmed
5db10a22,Anmoldeep Singh
6d4c2087,D Samarawickrama
1a5d690f,Gurpreet Singh
7c4e8e13,P Sadev
ca6bf044,Zahid Bassarath
d60640f9,A From-Hansen
b3f90695,Rafaqat Ali
a7bc76a0,E Leie
5ab659d9,P Pirabakaran
42a05795,GW Aldridge
abde8fb9,S Banerjee
fb7dc205,JL Martel
ad76746f,TCR Kimber
eaeb065e,TCW Veillard
7ffe4817,C Tear
3bea1983,DT Doram
4885bbe6,Yudhvir Singh
97290faf,S Joseph
67e36e53,Jassim Khan
0e3552e2,S Franklin
732ce0c2,G Mubiru
d701081f,JH Mensah
e5542f57,JK Masara
809ab8d4,S Tarawally
c8d74c21,J Gumbie
ea59139a,Wasim Ali
a84ccd7d,Sumon Khan
fd483a3e,V Shetty
5493ad5c,Tanzeel Sheikh
6c46022b,GA Stirrat
16f4cc7e,A Bulow
a5efce80,A Sarma
0b37840b,J Dickinson
f815a3b7,Amir Sharif
1c014a94,K Dasan
18f4d808,L Gharasim
45c008f4,P Danci
796ffb22,P Masih
02d0c9ae,Muhammad Asjed
6113433c,Akbar Khan
f17ac7d0,Muhammad Khan
11378dda,S Mathur
073de6f9,Suresh Singh
8981deb8,Phon Bunthean
3bd52be1,Mustafa Omer
ba7b21fd,A Valthapa
edfe226f,Omid Shafi Rahman
e801ac71,AS Wright
927a5ef5,Anam Mollik
2a7a3137,S Arachchige
4cbce738,D Daesrath
d146924b,Raza-ur-Rehman
b0e08fde,Usman Limbada
c024db94,RJ Ranpura
c104d82b,LA Ngwenya
b0f2baf4,Sanvir Singh
56c0966b,T Phaswana
6ef9a32f,Abdulla Bhoola
6f79d514,M Walker
0ee7ede5,Mahmad Data
6d440f4b,Faizan Mumtaz
0b126008,VN Kulkarni
5b8e8294,K Joshi
02fa5417,R Vishwanath
60ef3ddb,AA Hussein
4ff67681,MM Iqbal
c4d28aa3,MS Aulakh
9960a421,H Dandapani
f8ef3653,Ibrahim Rahimi
dd3df124,Akramullah Malikzada
41acc8bf,E Kahamker
d11272c4,E Samson
ff92e604,G Schachat
fc75bbba,M Cohen
3f4456f5,AQM Yako
333cbc00,E Frosler
d0332cfb,G Van Heerden
fc2ddc2c,H Pieterse
45be80ed,J Prodehl
3c338b6a,J Raubenheimer
aed9ac31,K Lion-Cachet
60285d55,L Botha
5260d30c,L Ntanzi
b18ba97a,M Joseph
e41c8d4c,MA Ntobela
a3ae63f4,GJ Snyman
87493f1d,Ubaid Minhas
6f49cc6e,Shivam Sharma
b69e69ed,AA Noffke
a1b1e3c2,IH Lock
ba5cc6d5,DW Reid
9f3f532a,Azeem Nazir
f74a1394,Elias Hasan
8647d51d,VD Nerurkar
0b56fe0a,Sharafudoulla
ea1c36cf,B Wentzel
a7de8e39,F Thorpe
31080a88,Aslam Khan
430b7399,IP Swaney
b561eea1,M Simmons
a14bd403,JW Holder
e30c9b2d,L Croospulle
07b6c3c1,LU Igalagamage
ba603555,MNK Fernando
b215a7be,N Vimukthi
24d72446,RS Fernando
a38e7be7,S Daniel
d28f4d1c,SMLD Samarakoon
c05f9d20,SSD Arachchige
03a83c50,V Viyaskanth
266849c1,R Goyal
caa89a48,SS Sarkar
5f5d3ad4,SS Shaikh
0a4ebc61,T Henderson
a46de6e0,Hassan Khan Mohammad
5ca0e315,G Richardson
d54397b8,Muhammad Babar
6eb5f15e,RL Stockton
6c6d83ef,S Clarke
cf06cb34,K Subramanian
48ab7c96,SV Sarda
3e722460,CR Foggo
a8bbd62e,GI Maiden
54725e8b,IH Romaine
74487d79,J Edness
6ae9c751,JJ Celestine
f71de062,OL Pitcher
fbc5c0c6,RDM Leverock
9295145b,SD Outerbridge
f0e58a83,SKW Kelly
705b8c5c,Mohammad Atif
511871c6,W Perchard
45b5ce8d,Nyeing Cham Soe
ab343e93,P Kerai
327fcb33,R Olipa
390721b3,IIR Bhana
c2dd89ea,BR Sharath
cf0ccafa,M Siddharth
b1ad996b,MP Yadav
61a7d6e9,DA Mehta
d8a7c8b4,Qaiser Waheed
327abda5,Jeevan Amana
f208fe04,Muhammad Safdar
cf209c55,AG Dissanayake
6adf9347,Iftikhar Anjum
b94827f0,AR Menon
6e61adb8,JWW Gardner
350a07a7,SK Porel
60bb8160,RHO Saunders
32cff598,Muhaddis Muhaddis
9ff100a6,RS Gavaskar
57022b64,BA Simango
2851a1fc,IS Munir
b31d458f,Luca Petre
f801d963,BE Johnson
962020d0,J Swift
8a00eec1,AN Hyobeom
3000c67e,Soochan Park
5e5eab39,Nazmul Hossain
caa18d8b,Ismail Sardar
35f173a0,MP Breetzke
7c63baa7,JP Bray
2eeb4370,C Madan
44321a66,JN Snape
f2e8b37c,Arafat Minhas
ed031922,Arshad Iqbal
96ce6752,Mirza Baig
7264b765,Mubasir Khan
f8e3c0f8,Omair Yousuf
b6359668,Qasim Akram
522bea89,Rohail Nazir
4277234d,Sufiyan Muqeem
b86dd1b0,Ali Mohammadipour
772f226b,Aphsal Ashraf
8e367d57,Arshad Mazarzei
957819df,DK Dahani
49dcf691,Emran Shahbakhsh
fd67025d,Masood Jayezeh
fbd96cb6,Mehran Siasar
febfa931,Nader Zahadiafzal
43420e97,Naiem Bameri
452e7e96,Navid Abdollahpour
60afbd75,Navid Balouch
30ac4e69,Yousef Shadzehisarjou
83d17bbc,MW Forde
0da654c8,Debasish Roy
cecfd092,M Nasim Baras
a35849be,Rokhan Barakzai
ac0aae9a,E Bruce-Okine
5c842df4,P Yevugah
8c3c46b0,Zaman Quoraishi
798934ea,C Ganapathy
4e22db41,NG Liyanage
78bb68d4,Y Cariah
64a4c383,S Sriram
0697b5a1,NN Banner
cbf58a86,SK Rasheed
2d645c00,A Bushell
2622742a,AM Deshpande
24776ac5,GH Smit
deb8c9a5,M Hancock
c36bcd1e,M Prabhudesa
bb791276,P Khari
3cc13c68,Rahat Ali
281ce63c,Riaz Afridi
0d7e506a,V Marghashayam
6dd8b88c,Usama Mir
96912eac,A Denuwan
c4281e43,Waleed Rana
edaae5f4,Abdur Rahman Sudais
ed5b3c76,S Nerandzic
ee407966,Divyes Kumar
a2f790a8,Jitesh Patel
b648094c,Ram Krishan
d877b291,S Mumford
3cacbb57,A Martin
3515389d,Nadir Shah
0fa92a21,C Bayraktar
4e6bc859,E Kuyumcu
a2369eaf,Hasan Cakir
fd68e23d,P Fernando
a81d6706,C Jonker
74ef405a,MBS Jonkman
4d05a82e,Mohammad Kashif
b9e8462e,Azhar Khan
5724e517,Tanush Kotian
d7a57f75,D du Preez
43ae7b1c,R Agamiire
99663fa5,D Mongia
543b4a1f,R Telemachus
2199afd4,DB Mealey
4e11e004,AK Mitra
f0568f9b,Ben Jones
e87c009a,A Gasteratos
baf1c7d1,D Kalloe
92256e66,D Weston
0f85e75c,Fida Hussain
4d641043,Willem Molenaar
48adc7d3,Ahmed Raid
fdd87c7c,D Mutu
3ff4f76c,Syed Hussain
1581c6be,T Ulutuna
dc9135c6,S Srikanth
a27d06d1,Yousuf Ali
110b180a,DE Roache
45b8f7c8,S Weleilakeba
5d68fe4f,Fahad Nawaz
45b6a7ce,Murtaza Yamin
53984f75,N Tyagi
bb312212,DM Quested
58b66172,HS Sekhon
a3d329d7,ACL Richards
6bfa638b,Ahmad Raza
07160156,A Tripathi
d5f4f4e4,KO Altamirano
ec100ae6,SU Halarnkar
275282d0,YC Latouche
ca057a4d,RD Anderson
b17d629e,Shadnan Khan
6d9aa10a,D Tresac
87e87dd2,P Nedeljkovic
83f59aa3,Muhammad Ansar
e60e8014,Bhargav Narasimha
06da3abc,Jack Inglis
03beb59f,Luis Hermida
8f207fbf,Mark McCormack
c44bf6a2,Mukesh Singh
0f1ea8c4,Nelson Jesus Navarrete Aburto
c2f8f36e,Puneet Arora
1ba16d18,Tarun Sharma
cbc6c352,M Goonetilleke
defd49f6,AK Mandal
a8e54ef4,Aamer Jamal
da738783,FN Walsh
ad90e4b8,CE Mack
549aefcd,BJ Diamanti
3cdab0cc,B Angeltti
3f11dbff,EM Nino
4cc59a40,Said Hakim
a7b67d5d,LI Salomone
c8c566df,S Sheelan
8b8745fd,ML Lewis
f566cd7d,Hafiz Qaleem
524a3a82,BJ Debenham
2c01f21a,HC Overdijk
ee7abb32,Gershon Yusuf
25f8ce1d,VV Bullen
27d1cc51,PA Hitchcock
d9a7ca8e,T Chopel
0f05655d,Tashi Dorji
755819f4,Zafer Durmaz
57ca01b3,Kumar Kushagra
5b038989,S Redfern
faf145eb,Shantilal Patel
94268960,S Qeshile
df6534ac,Khalander Mustafa
a19db58e,Umair Sharif
5ce3fe3f,N Nankov
9a5f2863,Mohit Rathee
77de6cfa,JKP Ellick
3275b68b,Mahfuzur Rahman
66272dc4,Ziaur Rahman
16da2745,Afzalkhan Pathan
917f0c3f,A Trivedi
34cca64a,KM Venkataswamy
58c2fac4,A Athanaze
39181592,PE Kruger
3b1fa4cb,DO Christian
b24eed5e,JM Obando
f46fbe60,K Shivam
22ae4973,Zuhair Muhammad
86ae8ef2,MB Parmar
ebb04e02,Danijel Petrovic
6d2081aa,KA Vimlesh
0bf06c6d,BV Arya
611926bc,GR Napier
1b80ebeb,SA Satbhai
5d36377e,D Simpson
e77c9807,DK Pallekonda
3378a304,JJ Perez
321be7e3,A Ashok
4a491652,Muktar Ali
8d34b308,K Arun Kumar
7fcaa9f4,Z Makadji
6738c3e2,Atif Ali Khan
13d0dec5,Sachin Solanki
d0540390,Nauman Anwar
e8c00c13,JDA Richardson
5044f30d,AS Dean
db99a61c,T Birbal
374bb5e7,K Klein
4b4d1957,PM Sarvesh Kumar
395179e8,D Parashar
0fd94db3,SH Sarathkumara
4d9e5ec8,M Martin
14ea3348,A Amado
d45e06ae,W Jackson
518d96de,MR Montfort
7c390b03,RA Shaikh
0dd86d5f,Fazal Niazai
cc3ebe28,Haroon Shahid
92593de0,J Chaturanga
bdf6f65d,N Thailappan
b445f2fc,Oliver Clapham
2957a836,GJP Kruger
6043dfe7,Jasbir Singh
863bfcc9,J Long
adb2f841,Ali Ivan
17bd7d33,N Mourikis
e11bf38a,Maqsood Ahmad
a6e30365,IJ Dixon
a120e81b,Mohammed Qasim
3942903c,RJ Akram
2ecc57c2,P Bhanu Prakash
ae8ee4cc,R Tanna
f390904d,GH Bodi
bec17912,LJ Willemse
71b1e668,Assad Mehmood
f70c0c66,Arslan Ahmed
d03efd83,Mukhtiar Singh
9db20c92,D Bau
ddb41291,L Sreekumar
5d6e07a5,Mubeen Tariq
6024d149,L Kamarlekar
74d63a44,Rizwan Mangera
7d2856df,Haider Ali
a2c35938,K Bayney
08fda2e1,Shoaib Khan jnr
f957f558,Baljinder Singh
3134d083,F Gomes
0d9d3baa,GF Gomes
709cb7f0,Hwanhee Lee
e597f8e9,Jayanth Babu
5d58ac60,MR Singh
6ad7d184,D Jamyansuren
acaf467d,E Munkhbat
657c4b12,M Altankhuyag
b4794f2a,Sathish Balasubramaniam
ddc2613d,Sachin Ganpat Shinde
1a417a09,IM Farrell
a4571ba9,A Mustafa
068c47d2,JJ Davidson
c9d33ef5,RV Pawar
31ca7a9c,Ethan D'Souza
7b7a1bbe,Sai Goutham
c021863b,Srinivas Mandali
43b36ccf,Yadwinder Singh
6d99dc44,Nouman Butt
c60361d7,Harprit Singh
9f236a73,Ian Roberts
bddbf5ec,Manuel Iturbe
e78f5a8a,Precious Smith
5691931a,Haseebullah Khan
99258814,Gurnoor Brar
5a6bb1c7,Fayyaz Ahmed
5e636b47,K Shanthikumar
8831b92e,Raunaq Kapur
a7b002dd,V Vijayalingam
5319f95b,Nay Lin Htun
f467d746,MC Bascombe
0edcb652,Subhransu Senapati
38952986,H Virdee
af76af63,K Loday
415ed107,K Nima
10c8c407,Mahesh Bohara
6232e1ed,GJ McCarter
d5bbb6a2,J Anderson
2bf69ff5,J Giyanani
